id,applicant,prize_id,status
0,0001000,0,1
1,0001000,1,1
2,0001000,2,1
3,0001000,3,1
4,0001000,4,1
5,0001000,5,1
6,0001000,6,1
7,0001000,7,1
8,0001000,8,1
9,0001000,9,1
10,0101001,10,1
11,0101001,11,1
12,0101001,12,1
13,0101001,13,1
14,0101001,14,1
15,0101001,15,1
16,0101001,16,1
17,0101001,17,1
18,0101001,18,1
19,0101001,19,1
20,0201002,20,1
21,0201002,21,1
22,0201002,22,1
23,0201002,23,1
24,0201002,24,1
25,0201002,25,1
26,0201002,26,1
27,0201002,27,1
28,0201002,28,1
29,0201002,29,1
30,0301003,30,1
31,0301003,31,1
32,0301003,32,1
33,0301003,33,1
34,0301003,34,1
35,0301003,35,1
36,0301003,36,1
37,0301003,37,1
38,0301003,38,1
39,0301003,39,1
40,0401004,40,1
41,0401004,41,1
42,0401004,42,1
43,0401004,43,1
44,0401004,44,1
45,0401004,45,1
46,0401004,46,1
47,0401004,47,1
48,0401004,48,1
49,0401004,49,1
50,0501005,50,1
51,0501005,51,1
52,0501005,52,1
53,0501005,53,1
54,0501005,54,1
55,0501005,55,1
56,0501005,56,1
57,0501005,57,1
58,0501005,58,1
59,0501005,59,1
60,0001006,60,1
61,0001006,61,1
62,0001006,62,1
63,0001006,63,1
64,0001006,64,1
65,0001006,65,1
66,0001006,66,1
67,0001006,67,1
68,0001006,68,1
69,0001006,69,1
70,0101007,70,1
71,0101007,71,1
72,0101007,72,1
73,0101007,73,1
74,0101007,74,1
75,0101007,75,1
76,0101007,76,1
77,0101007,77,1
78,0101007,78,1
79,0101007,79,1
80,0201008,80,1
81,0201008,81,1
82,0201008,82,1
83,0201008,83,1
84,0201008,84,1
85,0201008,85,1
86,0201008,86,1
87,0201008,87,1
88,0201008,88,1
89,0201008,89,1
90,0301009,90,1
91,0301009,91,1
92,0301009,92,1
93,0301009,93,1
94,0301009,94,1
95,0301009,95,1
96,0301009,96,1
97,0301009,97,1
98,0301009,98,1
99,0301009,99,1
100,0401010,100,1
101,0401010,101,1
102,0401010,102,1
103,0401010,103,1
104,0401010,104,1
105,0401010,105,1
106,0401010,106,1
107,0401010,107,1
108,0401010,108,1
109,0401010,109,1
110,0501011,110,1
111,0501011,111,1
112,0501011,112,1
113,0501011,113,1
114,0501011,114,1
115,0501011,115,1
116,0501011,116,1
117,0501011,117,1
118,0501011,118,1
119,0501011,119,1
120,0001012,120,1
121,0001012,121,1
122,0001012,122,1
123,0001012,123,1
124,0001012,124,1
125,0001012,125,1
126,0001012,126,1
127,0001012,127,1
128,0001012,128,1
129,0001012,129,1
130,0101013,130,1
131,0101013,131,1
132,0101013,132,1
133,0101013,133,1
134,0101013,134,1
135,0101013,135,1
136,0101013,136,1
137,0101013,137,1
138,0101013,138,1
139,0101013,139,1
140,0201014,140,1
141,0201014,141,1
142,0201014,142,1
143,0201014,143,1
144,0201014,144,1
145,0201014,145,1
146,0201014,146,1
147,0201014,147,1
148,0201014,148,1
149,0201014,149,1
150,0301015,150,1
151,0301015,151,1
152,0301015,152,1
153,0301015,153,1
154,0301015,154,1
155,0301015,155,1
156,0301015,156,1
157,0301015,157,1
158,0301015,158,1
159,0301015,159,1
160,0401016,160,1
161,0401016,161,1
162,0401016,162,1
163,0401016,163,1
164,0401016,164,1
165,0401016,165,1
166,0401016,166,1
167,0401016,167,1
168,0401016,168,1
169,0401016,169,1
170,0501017,170,1
171,0501017,171,1
172,0501017,172,1
173,0501017,173,1
174,0501017,174,1
175,0501017,175,1
176,0501017,176,1
177,0501017,177,1
178,0501017,178,1
179,0501017,179,1
180,0001018,180,1
181,0001018,181,1
182,0001018,182,1
183,0001018,183,1
184,0001018,184,1
185,0001018,185,1
186,0001018,186,1
187,0001018,187,1
188,0001018,188,1
189,0001018,189,1
190,0101019,190,1
191,0101019,191,1
192,0101019,192,1
193,0101019,193,1
194,0101019,194,1
195,0101019,195,1
196,0101019,196,1
197,0101019,197,1
198,0101019,198,1
199,0101019,199,1
200,0201020,200,1
201,0201020,201,1
202,0201020,202,1
203,0201020,203,1
204,0201020,204,1
205,0201020,205,1
206,0201020,206,1
207,0201020,207,1
208,0201020,208,1
209,0201020,209,1
210,0301021,210,1
211,0301021,211,1
212,0301021,212,1
213,0301021,213,1
214,0301021,214,1
215,0301021,215,1
216,0301021,216,1
217,0301021,217,1
218,0301021,218,1
219,0301021,219,1
220,0401022,220,1
221,0401022,221,1
222,0401022,222,1
223,0401022,223,1
224,0401022,224,1
225,0401022,225,1
226,0401022,226,1
227,0401022,227,1
228,0401022,228,1
229,0401022,229,1
230,0501023,230,1
231,0501023,231,1
232,0501023,232,1
233,0501023,233,1
234,0501023,234,1
235,0501023,235,1
236,0501023,236,1
237,0501023,237,1
238,0501023,238,1
239,0501023,239,1
240,0001024,240,1
241,0001024,241,1
242,0001024,242,1
243,0001024,243,1
244,0001024,244,1
245,0001024,245,1
246,0001024,246,1
247,0001024,247,1
248,0001024,248,1
249,0001024,249,1
250,0101025,250,1
251,0101025,251,1
252,0101025,252,1
253,0101025,253,1
254,0101025,254,1
255,0101025,255,1
256,0101025,256,1
257,0101025,257,1
258,0101025,258,1
259,0101025,259,1
260,0201026,260,1
261,0201026,261,1
262,0201026,262,1
263,0201026,263,1
264,0201026,264,1
265,0201026,265,1
266,0201026,266,1
267,0201026,267,1
268,0201026,268,1
269,0201026,269,1
270,0301027,270,1
271,0301027,271,1
272,0301027,272,1
273,0301027,273,1
274,0301027,274,1
275,0301027,275,1
276,0301027,276,1
277,0301027,277,1
278,0301027,278,1
279,0301027,279,1
280,0401028,280,1
281,0401028,281,1
282,0401028,282,1
283,0401028,283,1
284,0401028,284,1
285,0401028,285,1
286,0401028,286,1
287,0401028,287,1
288,0401028,288,1
289,0401028,289,1
290,0501029,290,1
291,0501029,291,1
292,0501029,292,1
293,0501029,293,1
294,0501029,294,1
295,0501029,295,1
296,0501029,296,1
297,0501029,297,1
298,0501029,298,1
299,0501029,299,1
300,0001030,300,1
301,0001030,301,1
302,0001030,302,1
303,0001030,303,1
304,0001030,304,1
305,0001030,305,1
306,0001030,306,1
307,0001030,307,1
308,0001030,308,1
309,0001030,309,1
310,0101031,310,1
311,0101031,311,1
312,0101031,312,1
313,0101031,313,1
314,0101031,314,1
315,0101031,315,1
316,0101031,316,1
317,0101031,317,1
318,0101031,318,1
319,0101031,319,1
320,0201032,320,1
321,0201032,321,1
322,0201032,322,1
323,0201032,323,1
324,0201032,324,1
325,0201032,325,1
326,0201032,326,1
327,0201032,327,1
328,0201032,328,1
329,0201032,329,1
330,0301033,330,1
331,0301033,331,1
332,0301033,332,1
333,0301033,333,1
334,0301033,334,1
335,0301033,335,1
336,0301033,336,1
337,0301033,337,1
338,0301033,338,1
339,0301033,339,1
340,0401034,340,1
341,0401034,341,1
342,0401034,342,1
343,0401034,343,1
344,0401034,344,1
345,0401034,345,1
346,0401034,346,1
347,0401034,347,1
348,0401034,348,1
349,0401034,349,1
350,0501035,350,1
351,0501035,351,1
352,0501035,352,1
353,0501035,353,1
354,0501035,354,1
355,0501035,355,1
356,0501035,356,1
357,0501035,357,1
358,0501035,358,1
359,0501035,359,1
360,0001036,360,1
361,0001036,361,1
362,0001036,362,1
363,0001036,363,1
364,0001036,364,1
365,0001036,365,1
366,0001036,366,1
367,0001036,367,1
368,0001036,368,1
369,0001036,369,1
370,0101037,370,1
371,0101037,371,1
372,0101037,372,1
373,0101037,373,1
374,0101037,374,1
375,0101037,375,1
376,0101037,376,1
377,0101037,377,1
378,0101037,378,1
379,0101037,379,1
380,0201038,380,1
381,0201038,381,1
382,0201038,382,1
383,0201038,383,1
384,0201038,384,1
385,0201038,385,1
386,0201038,386,1
387,0201038,387,1
388,0201038,388,1
389,0201038,389,1
390,0301039,390,1
391,0301039,391,1
392,0301039,392,1
393,0301039,393,1
394,0301039,394,1
395,0301039,395,1
396,0301039,396,1
397,0301039,397,1
398,0301039,398,1
399,0301039,399,1
400,0401040,400,1
401,0401040,401,1
402,0401040,402,1
403,0401040,403,1
404,0401040,404,1
405,0401040,405,1
406,0401040,406,1
407,0401040,407,1
408,0401040,408,1
409,0401040,409,1
410,0501041,410,1
411,0501041,411,1
412,0501041,412,1
413,0501041,413,1
414,0501041,414,1
415,0501041,415,1
416,0501041,416,1
417,0501041,417,1
418,0501041,418,1
419,0501041,419,1
420,0001042,420,1
421,0001042,421,1
422,0001042,422,1
423,0001042,423,1
424,0001042,424,1
425,0001042,425,1
426,0001042,426,1
427,0001042,427,1
428,0001042,428,1
429,0001042,429,1
430,0101043,430,1
431,0101043,431,1
432,0101043,432,1
433,0101043,433,1
434,0101043,434,1
435,0101043,435,1
436,0101043,436,1
437,0101043,437,1
438,0101043,438,1
439,0101043,439,1
440,0201044,440,1
441,0201044,441,1
442,0201044,442,1
443,0201044,443,1
444,0201044,444,1
445,0201044,445,1
446,0201044,446,1
447,0201044,447,1
448,0201044,448,1
449,0201044,449,1
450,0301045,450,1
451,0301045,451,1
452,0301045,452,1
453,0301045,453,1
454,0301045,454,1
455,0301045,455,1
456,0301045,456,1
457,0301045,457,1
458,0301045,458,1
459,0301045,459,1
460,0401046,460,1
461,0401046,461,1
462,0401046,462,1
463,0401046,463,1
464,0401046,464,1
465,0401046,465,1
466,0401046,466,1
467,0401046,467,1
468,0401046,468,1
469,0401046,469,1
470,0501047,470,1
471,0501047,471,1
472,0501047,472,1
473,0501047,473,1
474,0501047,474,1
475,0501047,475,1
476,0501047,476,1
477,0501047,477,1
478,0501047,478,1
479,0501047,479,1
480,0001048,480,1
481,0001048,481,1
482,0001048,482,1
483,0001048,483,1
484,0001048,484,1
485,0001048,485,1
486,0001048,486,1
487,0001048,487,1
488,0001048,488,1
489,0001048,489,1
490,0101049,490,1
491,0101049,491,1
492,0101049,492,1
493,0101049,493,1
494,0101049,494,1
495,0101049,495,1
496,0101049,496,1
497,0101049,497,1
498,0101049,498,1
499,0101049,499,1
500,0201050,500,1
501,0201050,501,1
502,0201050,502,1
503,0201050,503,1
504,0201050,504,1
505,0201050,505,1
506,0201050,506,1
507,0201050,507,1
508,0201050,508,1
509,0201050,509,1
510,0301051,510,1
511,0301051,511,1
512,0301051,512,1
513,0301051,513,1
514,0301051,514,1
515,0301051,515,1
516,0301051,516,1
517,0301051,517,1
518,0301051,518,1
519,0301051,519,1
520,0401052,520,1
521,0401052,521,1
522,0401052,522,1
523,0401052,523,1
524,0401052,524,1
525,0401052,525,1
526,0401052,526,1
527,0401052,527,1
528,0401052,528,1
529,0401052,529,1
530,0501053,530,1
531,0501053,531,1
532,0501053,532,1
533,0501053,533,1
534,0501053,534,1
535,0501053,535,1
536,0501053,536,1
537,0501053,537,1
538,0501053,538,1
539,0501053,539,1
540,0001054,540,1
541,0001054,541,1
542,0001054,542,1
543,0001054,543,1
544,0001054,544,1
545,0001054,545,1
546,0001054,546,1
547,0001054,547,1
548,0001054,548,1
549,0001054,549,1
550,0101055,550,1
551,0101055,551,1
552,0101055,552,1
553,0101055,553,1
554,0101055,554,1
555,0101055,555,1
556,0101055,556,1
557,0101055,557,1
558,0101055,558,1
559,0101055,559,1
560,0201056,560,1
561,0201056,561,1
562,0201056,562,1
563,0201056,563,1
564,0201056,564,1
565,0201056,565,1
566,0201056,566,1
567,0201056,567,1
568,0201056,568,1
569,0201056,569,1
570,0301057,570,1
571,0301057,571,1
572,0301057,572,1
573,0301057,573,1
574,0301057,574,1
575,0301057,575,1
576,0301057,576,1
577,0301057,577,1
578,0301057,578,1
579,0301057,579,1
580,0401058,580,1
581,0401058,581,1
582,0401058,582,1
583,0401058,583,1
584,0401058,584,1
585,0401058,585,1
586,0401058,586,1
587,0401058,587,1
588,0401058,588,1
589,0401058,589,1
590,0501059,590,1
591,0501059,591,1
592,0501059,592,1
593,0501059,593,1
594,0501059,594,1
595,0501059,595,1
596,0501059,596,1
597,0501059,597,1
598,0501059,598,1
599,0501059,599,1
600,0001060,600,1
601,0001060,601,1
602,0001060,602,1
603,0001060,603,1
604,0001060,604,1
605,0001060,605,1
606,0001060,606,1
607,0001060,607,1
608,0001060,608,1
609,0001060,609,1
610,0101061,610,1
611,0101061,611,1
612,0101061,612,1
613,0101061,613,1
614,0101061,614,1
615,0101061,615,1
616,0101061,616,1
617,0101061,617,1
618,0101061,618,1
619,0101061,619,1
620,0201062,620,1
621,0201062,621,1
622,0201062,622,1
623,0201062,623,1
624,0201062,624,1
625,0201062,625,1
626,0201062,626,1
627,0201062,627,1
628,0201062,628,1
629,0201062,629,1
630,0301063,630,1
631,0301063,631,1
632,0301063,632,1
633,0301063,633,1
634,0301063,634,1
635,0301063,635,1
636,0301063,636,1
637,0301063,637,1
638,0301063,638,1
639,0301063,639,1
640,0401064,640,1
641,0401064,641,1
642,0401064,642,1
643,0401064,643,1
644,0401064,644,1
645,0401064,645,1
646,0401064,646,1
647,0401064,647,1
648,0401064,648,1
649,0401064,649,1
650,0501065,650,1
651,0501065,651,1
652,0501065,652,1
653,0501065,653,1
654,0501065,654,1
655,0501065,655,1
656,0501065,656,1
657,0501065,657,1
658,0501065,658,1
659,0501065,659,1
660,0001066,660,1
661,0001066,661,1
662,0001066,662,1
663,0001066,663,1
664,0001066,664,1
665,0001066,665,1
666,0001066,666,1
667,0001066,667,1
668,0001066,668,1
669,0001066,669,1
670,0101067,670,1
671,0101067,671,1
672,0101067,672,1
673,0101067,673,1
674,0101067,674,1
675,0101067,675,1
676,0101067,676,1
677,0101067,677,1
678,0101067,678,1
679,0101067,679,1
680,0201068,680,1
681,0201068,681,1
682,0201068,682,1
683,0201068,683,1
684,0201068,684,1
685,0201068,685,1
686,0201068,686,1
687,0201068,687,1
688,0201068,688,1
689,0201068,689,1
690,0301069,690,1
691,0301069,691,1
692,0301069,692,1
693,0301069,693,1
694,0301069,694,1
695,0301069,695,1
696,0301069,696,1
697,0301069,697,1
698,0301069,698,1
699,0301069,699,1
700,0401070,700,1
701,0401070,701,1
702,0401070,702,1
703,0401070,703,1
704,0401070,704,1
705,0401070,705,1
706,0401070,706,1
707,0401070,707,1
708,0401070,708,1
709,0401070,709,1
710,0501071,710,1
711,0501071,711,1
712,0501071,712,1
713,0501071,713,1
714,0501071,714,1
715,0501071,715,1
716,0501071,716,1
717,0501071,717,1
718,0501071,718,1
719,0501071,719,1
720,0001072,720,1
721,0001072,721,1
722,0001072,722,1
723,0001072,723,1
724,0001072,724,1
725,0001072,725,1
726,0001072,726,1
727,0001072,727,1
728,0001072,728,1
729,0001072,729,1
730,0101073,730,1
731,0101073,731,1
732,0101073,732,1
733,0101073,733,1
734,0101073,734,1
735,0101073,735,1
736,0101073,736,1
737,0101073,737,1
738,0101073,738,1
739,0101073,739,1
740,0201074,740,1
741,0201074,741,1
742,0201074,742,1
743,0201074,743,1
744,0201074,744,1
745,0201074,745,1
746,0201074,746,1
747,0201074,747,1
748,0201074,748,1
749,0201074,749,1
750,0301075,750,1
751,0301075,751,1
752,0301075,752,1
753,0301075,753,1
754,0301075,754,1
755,0301075,755,1
756,0301075,756,1
757,0301075,757,1
758,0301075,758,1
759,0301075,759,1
760,0401076,760,1
761,0401076,761,1
762,0401076,762,1
763,0401076,763,1
764,0401076,764,1
765,0401076,765,1
766,0401076,766,1
767,0401076,767,1
768,0401076,768,1
769,0401076,769,1
770,0501077,770,1
771,0501077,771,1
772,0501077,772,1
773,0501077,773,1
774,0501077,774,1
775,0501077,775,1
776,0501077,776,1
777,0501077,777,1
778,0501077,778,1
779,0501077,779,1
780,0001078,780,1
781,0001078,781,1
782,0001078,782,1
783,0001078,783,1
784,0001078,784,1
785,0001078,785,1
786,0001078,786,1
787,0001078,787,1
788,0001078,788,1
789,0001078,789,1
790,0101079,790,1
791,0101079,791,1
792,0101079,792,1
793,0101079,793,1
794,0101079,794,1
795,0101079,795,1
796,0101079,796,1
797,0101079,797,1
798,0101079,798,1
799,0101079,799,1
800,0201080,800,1
801,0201080,801,1
802,0201080,802,1
803,0201080,803,1
804,0201080,804,1
805,0201080,805,1
806,0201080,806,1
807,0201080,807,1
808,0201080,808,1
809,0201080,809,1
810,0301081,810,1
811,0301081,811,1
812,0301081,812,1
813,0301081,813,1
814,0301081,814,1
815,0301081,815,1
816,0301081,816,1
817,0301081,817,1
818,0301081,818,1
819,0301081,819,1
820,0401082,820,1
821,0401082,821,1
822,0401082,822,1
823,0401082,823,1
824,0401082,824,1
825,0401082,825,1
826,0401082,826,1
827,0401082,827,1
828,0401082,828,1
829,0401082,829,1
830,0501083,830,1
831,0501083,831,1
832,0501083,832,1
833,0501083,833,1
834,0501083,834,1
835,0501083,835,1
836,0501083,836,1
837,0501083,837,1
838,0501083,838,1
839,0501083,839,1
840,0001084,840,1
841,0001084,841,1
842,0001084,842,1
843,0001084,843,1
844,0001084,844,1
845,0001084,845,1
846,0001084,846,1
847,0001084,847,1
848,0001084,848,1
849,0001084,849,1
850,0101085,850,1
851,0101085,851,1
852,0101085,852,1
853,0101085,853,1
854,0101085,854,1
855,0101085,855,1
856,0101085,856,1
857,0101085,857,1
858,0101085,858,1
859,0101085,859,1
860,0201086,860,1
861,0201086,861,1
862,0201086,862,1
863,0201086,863,1
864,0201086,864,1
865,0201086,865,1
866,0201086,866,1
867,0201086,867,1
868,0201086,868,1
869,0201086,869,1
870,0301087,870,1
871,0301087,871,1
872,0301087,872,1
873,0301087,873,1
874,0301087,874,1
875,0301087,875,1
876,0301087,876,1
877,0301087,877,1
878,0301087,878,1
879,0301087,879,1
880,0401088,880,1
881,0401088,881,1
882,0401088,882,1
883,0401088,883,1
884,0401088,884,1
885,0401088,885,1
886,0401088,886,1
887,0401088,887,1
888,0401088,888,1
889,0401088,889,1
890,0501089,890,1
891,0501089,891,1
892,0501089,892,1
893,0501089,893,1
894,0501089,894,1
895,0501089,895,1
896,0501089,896,1
897,0501089,897,1
898,0501089,898,1
899,0501089,899,1
900,0001090,900,1
901,0001090,901,1
902,0001090,902,1
903,0001090,903,1
904,0001090,904,1
905,0001090,905,1
906,0001090,906,1
907,0001090,907,1
908,0001090,908,1
909,0001090,909,1
910,0101091,910,1
911,0101091,911,1
912,0101091,912,1
913,0101091,913,1
914,0101091,914,1
915,0101091,915,1
916,0101091,916,1
917,0101091,917,1
918,0101091,918,1
919,0101091,919,1
920,0201092,920,1
921,0201092,921,1
922,0201092,922,1
923,0201092,923,1
924,0201092,924,1
925,0201092,925,1
926,0201092,926,1
927,0201092,927,1
928,0201092,928,1
929,0201092,929,1
930,0301093,930,1
931,0301093,931,1
932,0301093,932,1
933,0301093,933,1
934,0301093,934,1
935,0301093,935,1
936,0301093,936,1
937,0301093,937,1
938,0301093,938,1
939,0301093,939,1
940,0401094,940,1
941,0401094,941,1
942,0401094,942,1
943,0401094,943,1
944,0401094,944,1
945,0401094,945,1
946,0401094,946,1
947,0401094,947,1
948,0401094,948,1
949,0401094,949,1
950,0501095,950,1
951,0501095,951,1
952,0501095,952,1
953,0501095,953,1
954,0501095,954,1
955,0501095,955,1
956,0501095,956,1
957,0501095,957,1
958,0501095,958,1
959,0501095,959,1
960,0001096,960,1
961,0001096,961,1
962,0001096,962,1
963,0001096,963,1
964,0001096,964,1
965,0001096,965,1
966,0001096,966,1
967,0001096,967,1
968,0001096,968,1
969,0001096,969,1
970,0101097,970,1
971,0101097,971,1
972,0101097,972,1
973,0101097,973,1
974,0101097,974,1
975,0101097,975,1
976,0101097,976,1
977,0101097,977,1
978,0101097,978,1
979,0101097,979,1
980,0201098,980,1
981,0201098,981,1
982,0201098,982,1
983,0201098,983,1
984,0201098,984,1
985,0201098,985,1
986,0201098,986,1
987,0201098,987,1
988,0201098,988,1
989,0201098,989,1
990,0301099,990,1
991,0301099,991,1
992,0301099,992,1
993,0301099,993,1
994,0301099,994,1
995,0301099,995,1
996,0301099,996,1
997,0301099,997,1
998,0301099,998,1
999,0301099,999,1
1000,0401100,1000,1
1001,0401100,1001,1
1002,0401100,1002,1
1003,0401100,1003,1
1004,0401100,1004,1
1005,0401100,1005,1
1006,0401100,1006,1
1007,0401100,1007,1
1008,0401100,1008,1
1009,0401100,1009,1
1010,0501101,1010,1
1011,0501101,1011,1
1012,0501101,1012,1
1013,0501101,1013,1
1014,0501101,1014,1
1015,0501101,1015,1
1016,0501101,1016,1
1017,0501101,1017,1
1018,0501101,1018,1
1019,0501101,1019,1
1020,0001102,1020,1
1021,0001102,1021,1
1022,0001102,1022,1
1023,0001102,1023,1
1024,0001102,1024,1
1025,0001102,1025,1
1026,0001102,1026,1
1027,0001102,1027,1
1028,0001102,1028,1
1029,0001102,1029,1
1030,0101103,1030,1
1031,0101103,1031,1
1032,0101103,1032,1
1033,0101103,1033,1
1034,0101103,1034,1
1035,0101103,1035,1
1036,0101103,1036,1
1037,0101103,1037,1
1038,0101103,1038,1
1039,0101103,1039,1
1040,0201104,1040,1
1041,0201104,1041,1
1042,0201104,1042,1
1043,0201104,1043,1
1044,0201104,1044,1
1045,0201104,1045,1
1046,0201104,1046,1
1047,0201104,1047,1
1048,0201104,1048,1
1049,0201104,1049,1
1050,0301105,1050,1
1051,0301105,1051,1
1052,0301105,1052,1
1053,0301105,1053,1
1054,0301105,1054,1
1055,0301105,1055,1
1056,0301105,1056,1
1057,0301105,1057,1
1058,0301105,1058,1
1059,0301105,1059,1
1060,0401106,1060,1
1061,0401106,1061,1
1062,0401106,1062,1
1063,0401106,1063,1
1064,0401106,1064,1
1065,0401106,1065,1
1066,0401106,1066,1
1067,0401106,1067,1
1068,0401106,1068,1
1069,0401106,1069,1
1070,0501107,1070,1
1071,0501107,1071,1
1072,0501107,1072,1
1073,0501107,1073,1
1074,0501107,1074,1
1075,0501107,1075,1
1076,0501107,1076,1
1077,0501107,1077,1
1078,0501107,1078,1
1079,0501107,1079,1
1080,0001108,1080,1
1081,0001108,1081,1
1082,0001108,1082,1
1083,0001108,1083,1
1084,0001108,1084,1
1085,0001108,1085,1
1086,0001108,1086,1
1087,0001108,1087,1
1088,0001108,1088,1
1089,0001108,1089,1
1090,0101109,1090,1
1091,0101109,1091,1
1092,0101109,1092,1
1093,0101109,1093,1
1094,0101109,1094,1
1095,0101109,1095,1
1096,0101109,1096,1
1097,0101109,1097,1
1098,0101109,1098,1
1099,0101109,1099,1
1100,0201110,1100,1
1101,0201110,1101,1
1102,0201110,1102,1
1103,0201110,1103,1
1104,0201110,1104,1
1105,0201110,1105,1
1106,0201110,1106,1
1107,0201110,1107,1
1108,0201110,1108,1
1109,0201110,1109,1
1110,0301111,1110,1
1111,0301111,1111,1
1112,0301111,1112,1
1113,0301111,1113,1
1114,0301111,1114,1
1115,0301111,1115,1
1116,0301111,1116,1
1117,0301111,1117,1
1118,0301111,1118,1
1119,0301111,1119,1
1120,0401112,1120,1
1121,0401112,1121,1
1122,0401112,1122,1
1123,0401112,1123,1
1124,0401112,1124,1
1125,0401112,1125,1
1126,0401112,1126,1
1127,0401112,1127,1
1128,0401112,1128,1
1129,0401112,1129,1
1130,0501113,1130,1
1131,0501113,1131,1
1132,0501113,1132,1
1133,0501113,1133,1
1134,0501113,1134,1
1135,0501113,1135,1
1136,0501113,1136,1
1137,0501113,1137,1
1138,0501113,1138,1
1139,0501113,1139,1
1140,0001114,1140,1
1141,0001114,1141,1
1142,0001114,1142,1
1143,0001114,1143,1
1144,0001114,1144,1
1145,0001114,1145,1
1146,0001114,1146,1
1147,0001114,1147,1
1148,0001114,1148,1
1149,0001114,1149,1
1150,0101115,1150,1
1151,0101115,1151,1
1152,0101115,1152,1
1153,0101115,1153,1
1154,0101115,1154,1
1155,0101115,1155,1
1156,0101115,1156,1
1157,0101115,1157,1
1158,0101115,1158,1
1159,0101115,1159,1
1160,0201116,1160,1
1161,0201116,1161,1
1162,0201116,1162,1
1163,0201116,1163,1
1164,0201116,1164,1
1165,0201116,1165,1
1166,0201116,1166,1
1167,0201116,1167,1
1168,0201116,1168,1
1169,0201116,1169,1
1170,0301117,1170,1
1171,0301117,1171,1
1172,0301117,1172,1
1173,0301117,1173,1
1174,0301117,1174,1
1175,0301117,1175,1
1176,0301117,1176,1
1177,0301117,1177,1
1178,0301117,1178,1
1179,0301117,1179,1
1180,0401118,1180,1
1181,0401118,1181,1
1182,0401118,1182,1
1183,0401118,1183,1
1184,0401118,1184,1
1185,0401118,1185,1
1186,0401118,1186,1
1187,0401118,1187,1
1188,0401118,1188,1
1189,0401118,1189,1
1190,0501119,1190,1
1191,0501119,1191,1
1192,0501119,1192,1
1193,0501119,1193,1
1194,0501119,1194,1
1195,0501119,1195,1
1196,0501119,1196,1
1197,0501119,1197,1
1198,0501119,1198,1
1199,0501119,1199,1
1200,0001120,1200,1
1201,0001120,1201,1
1202,0001120,1202,1
1203,0001120,1203,1
1204,0001120,1204,1
1205,0001120,1205,1
1206,0001120,1206,1
1207,0001120,1207,1
1208,0001120,1208,1
1209,0001120,1209,1
1210,0101121,1210,1
1211,0101121,1211,1
1212,0101121,1212,1
1213,0101121,1213,1
1214,0101121,1214,1
1215,0101121,1215,1
1216,0101121,1216,1
1217,0101121,1217,1
1218,0101121,1218,1
1219,0101121,1219,1
1220,0201122,1220,1
1221,0201122,1221,1
1222,0201122,1222,1
1223,0201122,1223,1
1224,0201122,1224,1
1225,0201122,1225,1
1226,0201122,1226,1
1227,0201122,1227,1
1228,0201122,1228,1
1229,0201122,1229,1
1230,0301123,1230,1
1231,0301123,1231,1
1232,0301123,1232,1
1233,0301123,1233,1
1234,0301123,1234,1
1235,0301123,1235,1
1236,0301123,1236,1
1237,0301123,1237,1
1238,0301123,1238,1
1239,0301123,1239,1
1240,0401124,1240,1
1241,0401124,1241,1
1242,0401124,1242,1
1243,0401124,1243,1
1244,0401124,1244,1
1245,0401124,1245,1
1246,0401124,1246,1
1247,0401124,1247,1
1248,0401124,1248,1
1249,0401124,1249,1
1250,0501125,1250,1
1251,0501125,1251,1
1252,0501125,1252,1
1253,0501125,1253,1
1254,0501125,1254,1
1255,0501125,1255,1
1256,0501125,1256,1
1257,0501125,1257,1
1258,0501125,1258,1
1259,0501125,1259,1
1260,0001126,1260,1
1261,0001126,1261,1
1262,0001126,1262,1
1263,0001126,1263,1
1264,0001126,1264,1
1265,0001126,1265,1
1266,0001126,1266,1
1267,0001126,1267,1
1268,0001126,1268,1
1269,0001126,1269,1
1270,0101127,1270,1
1271,0101127,1271,1
1272,0101127,1272,1
1273,0101127,1273,1
1274,0101127,1274,1
1275,0101127,1275,1
1276,0101127,1276,1
1277,0101127,1277,1
1278,0101127,1278,1
1279,0101127,1279,1
1280,0201128,1280,1
1281,0201128,1281,1
1282,0201128,1282,1
1283,0201128,1283,1
1284,0201128,1284,1
1285,0201128,1285,1
1286,0201128,1286,1
1287,0201128,1287,1
1288,0201128,1288,1
1289,0201128,1289,1
1290,0301129,1290,1
1291,0301129,1291,1
1292,0301129,1292,1
1293,0301129,1293,1
1294,0301129,1294,1
1295,0301129,1295,1
1296,0301129,1296,1
1297,0301129,1297,1
1298,0301129,1298,1
1299,0301129,1299,1
1300,0401130,1300,1
1301,0401130,1301,1
1302,0401130,1302,1
1303,0401130,1303,1
1304,0401130,1304,1
1305,0401130,1305,1
1306,0401130,1306,1
1307,0401130,1307,1
1308,0401130,1308,1
1309,0401130,1309,1
1310,0501131,1310,1
1311,0501131,1311,1
1312,0501131,1312,1
1313,0501131,1313,1
1314,0501131,1314,1
1315,0501131,1315,1
1316,0501131,1316,1
1317,0501131,1317,1
1318,0501131,1318,1
1319,0501131,1319,1
1320,0001132,1320,1
1321,0001132,1321,1
1322,0001132,1322,1
1323,0001132,1323,1
1324,0001132,1324,1
1325,0001132,1325,1
1326,0001132,1326,1
1327,0001132,1327,1
1328,0001132,1328,1
1329,0001132,1329,1
1330,0101133,1330,1
1331,0101133,1331,1
1332,0101133,1332,1
1333,0101133,1333,1
1334,0101133,1334,1
1335,0101133,1335,1
1336,0101133,1336,1
1337,0101133,1337,1
1338,0101133,1338,1
1339,0101133,1339,1
1340,0201134,1340,1
1341,0201134,1341,1
1342,0201134,1342,1
1343,0201134,1343,1
1344,0201134,1344,1
1345,0201134,1345,1
1346,0201134,1346,1
1347,0201134,1347,1
1348,0201134,1348,1
1349,0201134,1349,1
1350,0301135,1350,1
1351,0301135,1351,1
1352,0301135,1352,1
1353,0301135,1353,1
1354,0301135,1354,1
1355,0301135,1355,1
1356,0301135,1356,1
1357,0301135,1357,1
1358,0301135,1358,1
1359,0301135,1359,1
1360,0401136,1360,1
1361,0401136,1361,1
1362,0401136,1362,1
1363,0401136,1363,1
1364,0401136,1364,1
1365,0401136,1365,1
1366,0401136,1366,1
1367,0401136,1367,1
1368,0401136,1368,1
1369,0401136,1369,1
1370,0501137,1370,1
1371,0501137,1371,1
1372,0501137,1372,1
1373,0501137,1373,1
1374,0501137,1374,1
1375,0501137,1375,1
1376,0501137,1376,1
1377,0501137,1377,1
1378,0501137,1378,1
1379,0501137,1379,1
1380,0001138,1380,1
1381,0001138,1381,1
1382,0001138,1382,1
1383,0001138,1383,1
1384,0001138,1384,1
1385,0001138,1385,1
1386,0001138,1386,1
1387,0001138,1387,1
1388,0001138,1388,1
1389,0001138,1389,1
1390,0101139,1390,1
1391,0101139,1391,1
1392,0101139,1392,1
1393,0101139,1393,1
1394,0101139,1394,1
1395,0101139,1395,1
1396,0101139,1396,1
1397,0101139,1397,1
1398,0101139,1398,1
1399,0101139,1399,1
1400,0201140,1400,1
1401,0201140,1401,1
1402,0201140,1402,1
1403,0201140,1403,1
1404,0201140,1404,1
1405,0201140,1405,1
1406,0201140,1406,1
1407,0201140,1407,1
1408,0201140,1408,1
1409,0201140,1409,1
1410,0301141,1410,1
1411,0301141,1411,1
1412,0301141,1412,1
1413,0301141,1413,1
1414,0301141,1414,1
1415,0301141,1415,1
1416,0301141,1416,1
1417,0301141,1417,1
1418,0301141,1418,1
1419,0301141,1419,1
1420,0401142,1420,1
1421,0401142,1421,1
1422,0401142,1422,1
1423,0401142,1423,1
1424,0401142,1424,1
1425,0401142,1425,1
1426,0401142,1426,1
1427,0401142,1427,1
1428,0401142,1428,1
1429,0401142,1429,1
1430,0501143,1430,1
1431,0501143,1431,1
1432,0501143,1432,1
1433,0501143,1433,1
1434,0501143,1434,1
1435,0501143,1435,1
1436,0501143,1436,1
1437,0501143,1437,1
1438,0501143,1438,1
1439,0501143,1439,1
1440,0001144,1440,1
1441,0001144,1441,1
1442,0001144,1442,1
1443,0001144,1443,1
1444,0001144,1444,1
1445,0001144,1445,1
1446,0001144,1446,1
1447,0001144,1447,1
1448,0001144,1448,1
1449,0001144,1449,1
1450,0101145,1450,1
1451,0101145,1451,1
1452,0101145,1452,1
1453,0101145,1453,1
1454,0101145,1454,1
1455,0101145,1455,1
1456,0101145,1456,1
1457,0101145,1457,1
1458,0101145,1458,1
1459,0101145,1459,1
1460,0201146,1460,1
1461,0201146,1461,1
1462,0201146,1462,1
1463,0201146,1463,1
1464,0201146,1464,1
1465,0201146,1465,1
1466,0201146,1466,1
1467,0201146,1467,1
1468,0201146,1468,1
1469,0201146,1469,1
1470,0301147,1470,1
1471,0301147,1471,1
1472,0301147,1472,1
1473,0301147,1473,1
1474,0301147,1474,1
1475,0301147,1475,1
1476,0301147,1476,1
1477,0301147,1477,1
1478,0301147,1478,1
1479,0301147,1479,1
1480,0401148,1480,1
1481,0401148,1481,1
1482,0401148,1482,1
1483,0401148,1483,1
1484,0401148,1484,1
1485,0401148,1485,1
1486,0401148,1486,1
1487,0401148,1487,1
1488,0401148,1488,1
1489,0401148,1489,1
1490,0501149,1490,1
1491,0501149,1491,1
1492,0501149,1492,1
1493,0501149,1493,1
1494,0501149,1494,1
1495,0501149,1495,1
1496,0501149,1496,1
1497,0501149,1497,1
1498,0501149,1498,1
1499,0501149,1499,1
1500,0001150,1500,1
1501,0001150,1501,1
1502,0001150,1502,1
1503,0001150,1503,1
1504,0001150,1504,1
1505,0001150,1505,1
1506,0001150,1506,1
1507,0001150,1507,1
1508,0001150,1508,1
1509,0001150,1509,1
1510,0101151,1510,1
1511,0101151,1511,1
1512,0101151,1512,1
1513,0101151,1513,1
1514,0101151,1514,1
1515,0101151,1515,1
1516,0101151,1516,1
1517,0101151,1517,1
1518,0101151,1518,1
1519,0101151,1519,1
1520,0201152,1520,1
1521,0201152,1521,1
1522,0201152,1522,1
1523,0201152,1523,1
1524,0201152,1524,1
1525,0201152,1525,1
1526,0201152,1526,1
1527,0201152,1527,1
1528,0201152,1528,1
1529,0201152,1529,1
1530,0301153,1530,1
1531,0301153,1531,1
1532,0301153,1532,1
1533,0301153,1533,1
1534,0301153,1534,1
1535,0301153,1535,1
1536,0301153,1536,1
1537,0301153,1537,1
1538,0301153,1538,1
1539,0301153,1539,1
1540,0401154,1540,1
1541,0401154,1541,1
1542,0401154,1542,1
1543,0401154,1543,1
1544,0401154,1544,1
1545,0401154,1545,1
1546,0401154,1546,1
1547,0401154,1547,1
1548,0401154,1548,1
1549,0401154,1549,1
1550,0501155,1550,1
1551,0501155,1551,1
1552,0501155,1552,1
1553,0501155,1553,1
1554,0501155,1554,1
1555,0501155,1555,1
1556,0501155,1556,1
1557,0501155,1557,1
1558,0501155,1558,1
1559,0501155,1559,1
1560,0001156,1560,1
1561,0001156,1561,1
1562,0001156,1562,1
1563,0001156,1563,1
1564,0001156,1564,1
1565,0001156,1565,1
1566,0001156,1566,1
1567,0001156,1567,1
1568,0001156,1568,1
1569,0001156,1569,1
1570,0101157,1570,1
1571,0101157,1571,1
1572,0101157,1572,1
1573,0101157,1573,1
1574,0101157,1574,1
1575,0101157,1575,1
1576,0101157,1576,1
1577,0101157,1577,1
1578,0101157,1578,1
1579,0101157,1579,1
1580,0201158,1580,1
1581,0201158,1581,1
1582,0201158,1582,1
1583,0201158,1583,1
1584,0201158,1584,1
1585,0201158,1585,1
1586,0201158,1586,1
1587,0201158,1587,1
1588,0201158,1588,1
1589,0201158,1589,1
1590,0301159,1590,1
1591,0301159,1591,1
1592,0301159,1592,1
1593,0301159,1593,1
1594,0301159,1594,1
1595,0301159,1595,1
1596,0301159,1596,1
1597,0301159,1597,1
1598,0301159,1598,1
1599,0301159,1599,1
1600,0401160,1600,1
1601,0401160,1601,1
1602,0401160,1602,1
1603,0401160,1603,1
1604,0401160,1604,1
1605,0401160,1605,1
1606,0401160,1606,1
1607,0401160,1607,1
1608,0401160,1608,1
1609,0401160,1609,1
1610,0501161,1610,1
1611,0501161,1611,1
1612,0501161,1612,1
1613,0501161,1613,1
1614,0501161,1614,1
1615,0501161,1615,1
1616,0501161,1616,1
1617,0501161,1617,1
1618,0501161,1618,1
1619,0501161,1619,1
1620,0001162,1620,1
1621,0001162,1621,1
1622,0001162,1622,1
1623,0001162,1623,1
1624,0001162,1624,1
1625,0001162,1625,1
1626,0001162,1626,1
1627,0001162,1627,1
1628,0001162,1628,1
1629,0001162,1629,1
1630,0101163,1630,1
1631,0101163,1631,1
1632,0101163,1632,1
1633,0101163,1633,1
1634,0101163,1634,1
1635,0101163,1635,1
1636,0101163,1636,1
1637,0101163,1637,1
1638,0101163,1638,1
1639,0101163,1639,1
1640,0201164,1640,1
1641,0201164,1641,1
1642,0201164,1642,1
1643,0201164,1643,1
1644,0201164,1644,1
1645,0201164,1645,1
1646,0201164,1646,1
1647,0201164,1647,1
1648,0201164,1648,1
1649,0201164,1649,1
1650,0301165,1650,1
1651,0301165,1651,1
1652,0301165,1652,1
1653,0301165,1653,1
1654,0301165,1654,1
1655,0301165,1655,1
1656,0301165,1656,1
1657,0301165,1657,1
1658,0301165,1658,1
1659,0301165,1659,1
1660,0401166,1660,1
1661,0401166,1661,1
1662,0401166,1662,1
1663,0401166,1663,1
1664,0401166,1664,1
1665,0401166,1665,1
1666,0401166,1666,1
1667,0401166,1667,1
1668,0401166,1668,1
1669,0401166,1669,1
1670,0501167,1670,1
1671,0501167,1671,1
1672,0501167,1672,1
1673,0501167,1673,1
1674,0501167,1674,1
1675,0501167,1675,1
1676,0501167,1676,1
1677,0501167,1677,1
1678,0501167,1678,1
1679,0501167,1679,1
1680,0001168,1680,1
1681,0001168,1681,1
1682,0001168,1682,1
1683,0001168,1683,1
1684,0001168,1684,1
1685,0001168,1685,1
1686,0001168,1686,1
1687,0001168,1687,1
1688,0001168,1688,1
1689,0001168,1689,1
1690,0101169,1690,1
1691,0101169,1691,1
1692,0101169,1692,1
1693,0101169,1693,1
1694,0101169,1694,1
1695,0101169,1695,1
1696,0101169,1696,1
1697,0101169,1697,1
1698,0101169,1698,1
1699,0101169,1699,1
1700,0201170,1700,1
1701,0201170,1701,1
1702,0201170,1702,1
1703,0201170,1703,1
1704,0201170,1704,1
1705,0201170,1705,1
1706,0201170,1706,1
1707,0201170,1707,1
1708,0201170,1708,1
1709,0201170,1709,1
1710,0301171,1710,1
1711,0301171,1711,1
1712,0301171,1712,1
1713,0301171,1713,1
1714,0301171,1714,1
1715,0301171,1715,1
1716,0301171,1716,1
1717,0301171,1717,1
1718,0301171,1718,1
1719,0301171,1719,1
1720,0401172,1720,1
1721,0401172,1721,1
1722,0401172,1722,1
1723,0401172,1723,1
1724,0401172,1724,1
1725,0401172,1725,1
1726,0401172,1726,1
1727,0401172,1727,1
1728,0401172,1728,1
1729,0401172,1729,1
1730,0501173,1730,1
1731,0501173,1731,1
1732,0501173,1732,1
1733,0501173,1733,1
1734,0501173,1734,1
1735,0501173,1735,1
1736,0501173,1736,1
1737,0501173,1737,1
1738,0501173,1738,1
1739,0501173,1739,1
1740,0001174,1740,1
1741,0001174,1741,1
1742,0001174,1742,1
1743,0001174,1743,1
1744,0001174,1744,1
1745,0001174,1745,1
1746,0001174,1746,1
1747,0001174,1747,1
1748,0001174,1748,1
1749,0001174,1749,1
1750,0101175,1750,1
1751,0101175,1751,1
1752,0101175,1752,1
1753,0101175,1753,1
1754,0101175,1754,1
1755,0101175,1755,1
1756,0101175,1756,1
1757,0101175,1757,1
1758,0101175,1758,1
1759,0101175,1759,1
1760,0201176,1760,1
1761,0201176,1761,1
1762,0201176,1762,1
1763,0201176,1763,1
1764,0201176,1764,1
1765,0201176,1765,1
1766,0201176,1766,1
1767,0201176,1767,1
1768,0201176,1768,1
1769,0201176,1769,1
1770,0301177,1770,1
1771,0301177,1771,1
1772,0301177,1772,1
1773,0301177,1773,1
1774,0301177,1774,1
1775,0301177,1775,1
1776,0301177,1776,1
1777,0301177,1777,1
1778,0301177,1778,1
1779,0301177,1779,1
1780,0401178,1780,1
1781,0401178,1781,1
1782,0401178,1782,1
1783,0401178,1783,1
1784,0401178,1784,1
1785,0401178,1785,1
1786,0401178,1786,1
1787,0401178,1787,1
1788,0401178,1788,1
1789,0401178,1789,1
1790,0501179,1790,1
1791,0501179,1791,1
1792,0501179,1792,1
1793,0501179,1793,1
1794,0501179,1794,1
1795,0501179,1795,1
1796,0501179,1796,1
1797,0501179,1797,1
1798,0501179,1798,1
1799,0501179,1799,1
1800,0001180,1800,1
1801,0001180,1801,1
1802,0001180,1802,1
1803,0001180,1803,1
1804,0001180,1804,1
1805,0001180,1805,1
1806,0001180,1806,1
1807,0001180,1807,1
1808,0001180,1808,1
1809,0001180,1809,1
1810,0101181,1810,1
1811,0101181,1811,1
1812,0101181,1812,1
1813,0101181,1813,1
1814,0101181,1814,1
1815,0101181,1815,1
1816,0101181,1816,1
1817,0101181,1817,1
1818,0101181,1818,1
1819,0101181,1819,1
1820,0201182,1820,1
1821,0201182,1821,1
1822,0201182,1822,1
1823,0201182,1823,1
1824,0201182,1824,1
1825,0201182,1825,1
1826,0201182,1826,1
1827,0201182,1827,1
1828,0201182,1828,1
1829,0201182,1829,1
1830,0301183,1830,1
1831,0301183,1831,1
1832,0301183,1832,1
1833,0301183,1833,1
1834,0301183,1834,1
1835,0301183,1835,1
1836,0301183,1836,1
1837,0301183,1837,1
1838,0301183,1838,1
1839,0301183,1839,1
1840,0401184,1840,1
1841,0401184,1841,1
1842,0401184,1842,1
1843,0401184,1843,1
1844,0401184,1844,1
1845,0401184,1845,1
1846,0401184,1846,1
1847,0401184,1847,1
1848,0401184,1848,1
1849,0401184,1849,1
1850,0501185,1850,1
1851,0501185,1851,1
1852,0501185,1852,1
1853,0501185,1853,1
1854,0501185,1854,1
1855,0501185,1855,1
1856,0501185,1856,1
1857,0501185,1857,1
1858,0501185,1858,1
1859,0501185,1859,1
1860,0001186,1860,1
1861,0001186,1861,1
1862,0001186,1862,1
1863,0001186,1863,1
1864,0001186,1864,1
1865,0001186,1865,1
1866,0001186,1866,1
1867,0001186,1867,1
1868,0001186,1868,1
1869,0001186,1869,1
1870,0101187,1870,1
1871,0101187,1871,1
1872,0101187,1872,1
1873,0101187,1873,1
1874,0101187,1874,1
1875,0101187,1875,1
1876,0101187,1876,1
1877,0101187,1877,1
1878,0101187,1878,1
1879,0101187,1879,1
1880,0201188,1880,1
1881,0201188,1881,1
1882,0201188,1882,1
1883,0201188,1883,1
1884,0201188,1884,1
1885,0201188,1885,1
1886,0201188,1886,1
1887,0201188,1887,1
1888,0201188,1888,1
1889,0201188,1889,1
1890,0301189,1890,1
1891,0301189,1891,1
1892,0301189,1892,1
1893,0301189,1893,1
1894,0301189,1894,1
1895,0301189,1895,1
1896,0301189,1896,1
1897,0301189,1897,1
1898,0301189,1898,1
1899,0301189,1899,1
1900,0401190,1900,1
1901,0401190,1901,1
1902,0401190,1902,1
1903,0401190,1903,1
1904,0401190,1904,1
1905,0401190,1905,1
1906,0401190,1906,1
1907,0401190,1907,1
1908,0401190,1908,1
1909,0401190,1909,1
1910,0501191,1910,1
1911,0501191,1911,1
1912,0501191,1912,1
1913,0501191,1913,1
1914,0501191,1914,1
1915,0501191,1915,1
1916,0501191,1916,1
1917,0501191,1917,1
1918,0501191,1918,1
1919,0501191,1919,1
1920,0001192,1920,1
1921,0001192,1921,1
1922,0001192,1922,1
1923,0001192,1923,1
1924,0001192,1924,1
1925,0001192,1925,1
1926,0001192,1926,1
1927,0001192,1927,1
1928,0001192,1928,1
1929,0001192,1929,1
1930,0101193,1930,1
1931,0101193,1931,1
1932,0101193,1932,1
1933,0101193,1933,1
1934,0101193,1934,1
1935,0101193,1935,1
1936,0101193,1936,1
1937,0101193,1937,1
1938,0101193,1938,1
1939,0101193,1939,1
1940,0201194,1940,1
1941,0201194,1941,1
1942,0201194,1942,1
1943,0201194,1943,1
1944,0201194,1944,1
1945,0201194,1945,1
1946,0201194,1946,1
1947,0201194,1947,1
1948,0201194,1948,1
1949,0201194,1949,1
1950,0301195,1950,1
1951,0301195,1951,1
1952,0301195,1952,1
1953,0301195,1953,1
1954,0301195,1954,1
1955,0301195,1955,1
1956,0301195,1956,1
1957,0301195,1957,1
1958,0301195,1958,1
1959,0301195,1959,1
1960,0401196,1960,1
1961,0401196,1961,1
1962,0401196,1962,1
1963,0401196,1963,1
1964,0401196,1964,1
1965,0401196,1965,1
1966,0401196,1966,1
1967,0401196,1967,1
1968,0401196,1968,1
1969,0401196,1969,1
1970,0501197,1970,1
1971,0501197,1971,1
1972,0501197,1972,1
1973,0501197,1973,1
1974,0501197,1974,1
1975,0501197,1975,1
1976,0501197,1976,1
1977,0501197,1977,1
1978,0501197,1978,1
1979,0501197,1979,1
1980,0001198,1980,1
1981,0001198,1981,1
1982,0001198,1982,1
1983,0001198,1983,1
1984,0001198,1984,1
1985,0001198,1985,1
1986,0001198,1986,1
1987,0001198,1987,1
1988,0001198,1988,1
1989,0001198,1989,1
1990,0101199,1990,1
1991,0101199,1991,1
1992,0101199,1992,1
1993,0101199,1993,1
1994,0101199,1994,1
1995,0101199,1995,1
1996,0101199,1996,1
1997,0101199,1997,1
1998,0101199,1998,1
1999,0101199,1999,1
2000,0001200,2000,1
2001,0001200,2001,1
2002,0001200,2002,1
2003,0001200,2003,1
2004,0001200,2004,1
2005,0001200,2005,1
2006,0001200,2006,1
2007,0001200,2007,1
2008,0001200,2008,1
2009,0001200,2009,1
2010,0101201,2010,1
2011,0101201,2011,1
2012,0101201,2012,1
2013,0101201,2013,1
2014,0101201,2014,1
2015,0101201,2015,1
2016,0101201,2016,1
2017,0101201,2017,1
2018,0101201,2018,1
2019,0101201,2019,1
2020,0201202,2020,1
2021,0201202,2021,1
2022,0201202,2022,1
2023,0201202,2023,1
2024,0201202,2024,1
2025,0201202,2025,1
2026,0201202,2026,1
2027,0201202,2027,1
2028,0201202,2028,1
2029,0201202,2029,1
2030,0301203,2030,1
2031,0301203,2031,1
2032,0301203,2032,1
2033,0301203,2033,1
2034,0301203,2034,1
2035,0301203,2035,1
2036,0301203,2036,1
2037,0301203,2037,1
2038,0301203,2038,1
2039,0301203,2039,1
2040,0401204,2040,1
2041,0401204,2041,1
2042,0401204,2042,1
2043,0401204,2043,1
2044,0401204,2044,1
2045,0401204,2045,1
2046,0401204,2046,1
2047,0401204,2047,1
2048,0401204,2048,1
2049,0401204,2049,1
2050,0501205,2050,1
2051,0501205,2051,1
2052,0501205,2052,1
2053,0501205,2053,1
2054,0501205,2054,1
2055,0501205,2055,1
2056,0501205,2056,1
2057,0501205,2057,1
2058,0501205,2058,1
2059,0501205,2059,1
2060,0001206,2060,1
2061,0001206,2061,1
2062,0001206,2062,1
2063,0001206,2063,1
2064,0001206,2064,1
2065,0001206,2065,1
2066,0001206,2066,1
2067,0001206,2067,1
2068,0001206,2068,1
2069,0001206,2069,1
2070,0101207,2070,1
2071,0101207,2071,1
2072,0101207,2072,1
2073,0101207,2073,1
2074,0101207,2074,1
2075,0101207,2075,1
2076,0101207,2076,1
2077,0101207,2077,1
2078,0101207,2078,1
2079,0101207,2079,1
2080,0201208,2080,1
2081,0201208,2081,1
2082,0201208,2082,1
2083,0201208,2083,1
2084,0201208,2084,1
2085,0201208,2085,1
2086,0201208,2086,1
2087,0201208,2087,1
2088,0201208,2088,1
2089,0201208,2089,1
2090,0301209,2090,1
2091,0301209,2091,1
2092,0301209,2092,1
2093,0301209,2093,1
2094,0301209,2094,1
2095,0301209,2095,1
2096,0301209,2096,1
2097,0301209,2097,1
2098,0301209,2098,1
2099,0301209,2099,1
2100,0401210,2100,1
2101,0401210,2101,1
2102,0401210,2102,1
2103,0401210,2103,1
2104,0401210,2104,1
2105,0401210,2105,1
2106,0401210,2106,1
2107,0401210,2107,1
2108,0401210,2108,1
2109,0401210,2109,1
2110,0501211,2110,1
2111,0501211,2111,1
2112,0501211,2112,1
2113,0501211,2113,1
2114,0501211,2114,1
2115,0501211,2115,1
2116,0501211,2116,1
2117,0501211,2117,1
2118,0501211,2118,1
2119,0501211,2119,1
2120,0001212,2120,1
2121,0001212,2121,1
2122,0001212,2122,1
2123,0001212,2123,1
2124,0001212,2124,1
2125,0001212,2125,1
2126,0001212,2126,1
2127,0001212,2127,1
2128,0001212,2128,1
2129,0001212,2129,1
2130,0101213,2130,1
2131,0101213,2131,1
2132,0101213,2132,1
2133,0101213,2133,1
2134,0101213,2134,1
2135,0101213,2135,1
2136,0101213,2136,1
2137,0101213,2137,1
2138,0101213,2138,1
2139,0101213,2139,1
2140,0201214,2140,1
2141,0201214,2141,1
2142,0201214,2142,1
2143,0201214,2143,1
2144,0201214,2144,1
2145,0201214,2145,1
2146,0201214,2146,1
2147,0201214,2147,1
2148,0201214,2148,1
2149,0201214,2149,1
2150,0301215,2150,1
2151,0301215,2151,1
2152,0301215,2152,1
2153,0301215,2153,1
2154,0301215,2154,1
2155,0301215,2155,1
2156,0301215,2156,1
2157,0301215,2157,1
2158,0301215,2158,1
2159,0301215,2159,1
2160,0401216,2160,1
2161,0401216,2161,1
2162,0401216,2162,1
2163,0401216,2163,1
2164,0401216,2164,1
2165,0401216,2165,1
2166,0401216,2166,1
2167,0401216,2167,1
2168,0401216,2168,1
2169,0401216,2169,1
2170,0501217,2170,1
2171,0501217,2171,1
2172,0501217,2172,1
2173,0501217,2173,1
2174,0501217,2174,1
2175,0501217,2175,1
2176,0501217,2176,1
2177,0501217,2177,1
2178,0501217,2178,1
2179,0501217,2179,1
2180,0001218,2180,1
2181,0001218,2181,1
2182,0001218,2182,1
2183,0001218,2183,1
2184,0001218,2184,1
2185,0001218,2185,1
2186,0001218,2186,1
2187,0001218,2187,1
2188,0001218,2188,1
2189,0001218,2189,1
2190,0101219,2190,1
2191,0101219,2191,1
2192,0101219,2192,1
2193,0101219,2193,1
2194,0101219,2194,1
2195,0101219,2195,1
2196,0101219,2196,1
2197,0101219,2197,1
2198,0101219,2198,1
2199,0101219,2199,1
2200,0201220,2200,1
2201,0201220,2201,1
2202,0201220,2202,1
2203,0201220,2203,1
2204,0201220,2204,1
2205,0201220,2205,1
2206,0201220,2206,1
2207,0201220,2207,1
2208,0201220,2208,1
2209,0201220,2209,1
2210,0301221,2210,1
2211,0301221,2211,1
2212,0301221,2212,1
2213,0301221,2213,1
2214,0301221,2214,1
2215,0301221,2215,1
2216,0301221,2216,1
2217,0301221,2217,1
2218,0301221,2218,1
2219,0301221,2219,1
2220,0401222,2220,1
2221,0401222,2221,1
2222,0401222,2222,1
2223,0401222,2223,1
2224,0401222,2224,1
2225,0401222,2225,1
2226,0401222,2226,1
2227,0401222,2227,1
2228,0401222,2228,1
2229,0401222,2229,1
2230,0501223,2230,1
2231,0501223,2231,1
2232,0501223,2232,1
2233,0501223,2233,1
2234,0501223,2234,1
2235,0501223,2235,1
2236,0501223,2236,1
2237,0501223,2237,1
2238,0501223,2238,1
2239,0501223,2239,1
2240,0001224,2240,1
2241,0001224,2241,1
2242,0001224,2242,1
2243,0001224,2243,1
2244,0001224,2244,1
2245,0001224,2245,1
2246,0001224,2246,1
2247,0001224,2247,1
2248,0001224,2248,1
2249,0001224,2249,1
2250,0101225,2250,1
2251,0101225,2251,1
2252,0101225,2252,1
2253,0101225,2253,1
2254,0101225,2254,1
2255,0101225,2255,1
2256,0101225,2256,1
2257,0101225,2257,1
2258,0101225,2258,1
2259,0101225,2259,1
2260,0201226,2260,1
2261,0201226,2261,1
2262,0201226,2262,1
2263,0201226,2263,1
2264,0201226,2264,1
2265,0201226,2265,1
2266,0201226,2266,1
2267,0201226,2267,1
2268,0201226,2268,1
2269,0201226,2269,1
2270,0301227,2270,1
2271,0301227,2271,1
2272,0301227,2272,1
2273,0301227,2273,1
2274,0301227,2274,1
2275,0301227,2275,1
2276,0301227,2276,1
2277,0301227,2277,1
2278,0301227,2278,1
2279,0301227,2279,1
2280,0401228,2280,1
2281,0401228,2281,1
2282,0401228,2282,1
2283,0401228,2283,1
2284,0401228,2284,1
2285,0401228,2285,1
2286,0401228,2286,1
2287,0401228,2287,1
2288,0401228,2288,1
2289,0401228,2289,1
2290,0501229,2290,1
2291,0501229,2291,1
2292,0501229,2292,1
2293,0501229,2293,1
2294,0501229,2294,1
2295,0501229,2295,1
2296,0501229,2296,1
2297,0501229,2297,1
2298,0501229,2298,1
2299,0501229,2299,1
2300,0001230,2300,1
2301,0001230,2301,1
2302,0001230,2302,1
2303,0001230,2303,1
2304,0001230,2304,1
2305,0001230,2305,1
2306,0001230,2306,1
2307,0001230,2307,1
2308,0001230,2308,1
2309,0001230,2309,1
2310,0101231,2310,1
2311,0101231,2311,1
2312,0101231,2312,1
2313,0101231,2313,1
2314,0101231,2314,1
2315,0101231,2315,1
2316,0101231,2316,1
2317,0101231,2317,1
2318,0101231,2318,1
2319,0101231,2319,1
2320,0201232,2320,1
2321,0201232,2321,1
2322,0201232,2322,1
2323,0201232,2323,1
2324,0201232,2324,1
2325,0201232,2325,1
2326,0201232,2326,1
2327,0201232,2327,1
2328,0201232,2328,1
2329,0201232,2329,1
2330,0301233,2330,1
2331,0301233,2331,1
2332,0301233,2332,1
2333,0301233,2333,1
2334,0301233,2334,1
2335,0301233,2335,1
2336,0301233,2336,1
2337,0301233,2337,1
2338,0301233,2338,1
2339,0301233,2339,1
2340,0401234,2340,1
2341,0401234,2341,1
2342,0401234,2342,1
2343,0401234,2343,1
2344,0401234,2344,1
2345,0401234,2345,1
2346,0401234,2346,1
2347,0401234,2347,1
2348,0401234,2348,1
2349,0401234,2349,1
2350,0501235,2350,1
2351,0501235,2351,1
2352,0501235,2352,1
2353,0501235,2353,1
2354,0501235,2354,1
2355,0501235,2355,1
2356,0501235,2356,1
2357,0501235,2357,1
2358,0501235,2358,1
2359,0501235,2359,1
2360,0001236,2360,1
2361,0001236,2361,1
2362,0001236,2362,1
2363,0001236,2363,1
2364,0001236,2364,1
2365,0001236,2365,1
2366,0001236,2366,1
2367,0001236,2367,1
2368,0001236,2368,1
2369,0001236,2369,1
2370,0101237,2370,1
2371,0101237,2371,1
2372,0101237,2372,1
2373,0101237,2373,1
2374,0101237,2374,1
2375,0101237,2375,1
2376,0101237,2376,1
2377,0101237,2377,1
2378,0101237,2378,1
2379,0101237,2379,1
2380,0201238,2380,1
2381,0201238,2381,1
2382,0201238,2382,1
2383,0201238,2383,1
2384,0201238,2384,1
2385,0201238,2385,1
2386,0201238,2386,1
2387,0201238,2387,1
2388,0201238,2388,1
2389,0201238,2389,1
2390,0301239,2390,1
2391,0301239,2391,1
2392,0301239,2392,1
2393,0301239,2393,1
2394,0301239,2394,1
2395,0301239,2395,1
2396,0301239,2396,1
2397,0301239,2397,1
2398,0301239,2398,1
2399,0301239,2399,1
2400,0401240,2400,1
2401,0401240,2401,1
2402,0401240,2402,1
2403,0401240,2403,1
2404,0401240,2404,1
2405,0401240,2405,1
2406,0401240,2406,1
2407,0401240,2407,1
2408,0401240,2408,1
2409,0401240,2409,1
2410,0501241,2410,1
2411,0501241,2411,1
2412,0501241,2412,1
2413,0501241,2413,1
2414,0501241,2414,1
2415,0501241,2415,1
2416,0501241,2416,1
2417,0501241,2417,1
2418,0501241,2418,1
2419,0501241,2419,1
2420,0001242,2420,1
2421,0001242,2421,1
2422,0001242,2422,1
2423,0001242,2423,1
2424,0001242,2424,1
2425,0001242,2425,1
2426,0001242,2426,1
2427,0001242,2427,1
2428,0001242,2428,1
2429,0001242,2429,1
2430,0101243,2430,1
2431,0101243,2431,1
2432,0101243,2432,1
2433,0101243,2433,1
2434,0101243,2434,1
2435,0101243,2435,1
2436,0101243,2436,1
2437,0101243,2437,1
2438,0101243,2438,1
2439,0101243,2439,1
2440,0201244,2440,1
2441,0201244,2441,1
2442,0201244,2442,1
2443,0201244,2443,1
2444,0201244,2444,1
2445,0201244,2445,1
2446,0201244,2446,1
2447,0201244,2447,1
2448,0201244,2448,1
2449,0201244,2449,1
2450,0301245,2450,1
2451,0301245,2451,1
2452,0301245,2452,1
2453,0301245,2453,1
2454,0301245,2454,1
2455,0301245,2455,1
2456,0301245,2456,1
2457,0301245,2457,1
2458,0301245,2458,1
2459,0301245,2459,1
2460,0401246,2460,1
2461,0401246,2461,1
2462,0401246,2462,1
2463,0401246,2463,1
2464,0401246,2464,1
2465,0401246,2465,1
2466,0401246,2466,1
2467,0401246,2467,1
2468,0401246,2468,1
2469,0401246,2469,1
2470,0501247,2470,1
2471,0501247,2471,1
2472,0501247,2472,1
2473,0501247,2473,1
2474,0501247,2474,1
2475,0501247,2475,1
2476,0501247,2476,1
2477,0501247,2477,1
2478,0501247,2478,1
2479,0501247,2479,1
2480,0001248,2480,1
2481,0001248,2481,1
2482,0001248,2482,1
2483,0001248,2483,1
2484,0001248,2484,1
2485,0001248,2485,1
2486,0001248,2486,1
2487,0001248,2487,1
2488,0001248,2488,1
2489,0001248,2489,1
2490,0101249,2490,1
2491,0101249,2491,1
2492,0101249,2492,1
2493,0101249,2493,1
2494,0101249,2494,1
2495,0101249,2495,1
2496,0101249,2496,1
2497,0101249,2497,1
2498,0101249,2498,1
2499,0101249,2499,1
2500,0201250,2500,1
2501,0201250,2501,1
2502,0201250,2502,1
2503,0201250,2503,1
2504,0201250,2504,1
2505,0201250,2505,1
2506,0201250,2506,1
2507,0201250,2507,1
2508,0201250,2508,1
2509,0201250,2509,1
2510,0301251,2510,1
2511,0301251,2511,1
2512,0301251,2512,1
2513,0301251,2513,1
2514,0301251,2514,1
2515,0301251,2515,1
2516,0301251,2516,1
2517,0301251,2517,1
2518,0301251,2518,1
2519,0301251,2519,1
2520,0401252,2520,1
2521,0401252,2521,1
2522,0401252,2522,1
2523,0401252,2523,1
2524,0401252,2524,1
2525,0401252,2525,1
2526,0401252,2526,1
2527,0401252,2527,1
2528,0401252,2528,1
2529,0401252,2529,1
2530,0501253,2530,1
2531,0501253,2531,1
2532,0501253,2532,1
2533,0501253,2533,1
2534,0501253,2534,1
2535,0501253,2535,1
2536,0501253,2536,1
2537,0501253,2537,1
2538,0501253,2538,1
2539,0501253,2539,1
2540,0001254,2540,1
2541,0001254,2541,1
2542,0001254,2542,1
2543,0001254,2543,1
2544,0001254,2544,1
2545,0001254,2545,1
2546,0001254,2546,1
2547,0001254,2547,1
2548,0001254,2548,1
2549,0001254,2549,1
2550,0101255,2550,1
2551,0101255,2551,1
2552,0101255,2552,1
2553,0101255,2553,1
2554,0101255,2554,1
2555,0101255,2555,1
2556,0101255,2556,1
2557,0101255,2557,1
2558,0101255,2558,1
2559,0101255,2559,1
2560,0201256,2560,1
2561,0201256,2561,1
2562,0201256,2562,1
2563,0201256,2563,1
2564,0201256,2564,1
2565,0201256,2565,1
2566,0201256,2566,1
2567,0201256,2567,1
2568,0201256,2568,1
2569,0201256,2569,1
2570,0301257,2570,1
2571,0301257,2571,1
2572,0301257,2572,1
2573,0301257,2573,1
2574,0301257,2574,1
2575,0301257,2575,1
2576,0301257,2576,1
2577,0301257,2577,1
2578,0301257,2578,1
2579,0301257,2579,1
2580,0401258,2580,1
2581,0401258,2581,1
2582,0401258,2582,1
2583,0401258,2583,1
2584,0401258,2584,1
2585,0401258,2585,1
2586,0401258,2586,1
2587,0401258,2587,1
2588,0401258,2588,1
2589,0401258,2589,1
2590,0501259,2590,1
2591,0501259,2591,1
2592,0501259,2592,1
2593,0501259,2593,1
2594,0501259,2594,1
2595,0501259,2595,1
2596,0501259,2596,1
2597,0501259,2597,1
2598,0501259,2598,1
2599,0501259,2599,1
2600,0001260,2600,1
2601,0001260,2601,1
2602,0001260,2602,1
2603,0001260,2603,1
2604,0001260,2604,1
2605,0001260,2605,1
2606,0001260,2606,1
2607,0001260,2607,1
2608,0001260,2608,1
2609,0001260,2609,1
2610,0101261,2610,1
2611,0101261,2611,1
2612,0101261,2612,1
2613,0101261,2613,1
2614,0101261,2614,1
2615,0101261,2615,1
2616,0101261,2616,1
2617,0101261,2617,1
2618,0101261,2618,1
2619,0101261,2619,1
2620,0201262,2620,1
2621,0201262,2621,1
2622,0201262,2622,1
2623,0201262,2623,1
2624,0201262,2624,1
2625,0201262,2625,1
2626,0201262,2626,1
2627,0201262,2627,1
2628,0201262,2628,1
2629,0201262,2629,1
2630,0301263,2630,1
2631,0301263,2631,1
2632,0301263,2632,1
2633,0301263,2633,1
2634,0301263,2634,1
2635,0301263,2635,1
2636,0301263,2636,1
2637,0301263,2637,1
2638,0301263,2638,1
2639,0301263,2639,1
2640,0401264,2640,1
2641,0401264,2641,1
2642,0401264,2642,1
2643,0401264,2643,1
2644,0401264,2644,1
2645,0401264,2645,1
2646,0401264,2646,1
2647,0401264,2647,1
2648,0401264,2648,1
2649,0401264,2649,1
2650,0501265,2650,1
2651,0501265,2651,1
2652,0501265,2652,1
2653,0501265,2653,1
2654,0501265,2654,1
2655,0501265,2655,1
2656,0501265,2656,1
2657,0501265,2657,1
2658,0501265,2658,1
2659,0501265,2659,1
2660,0001266,2660,1
2661,0001266,2661,1
2662,0001266,2662,1
2663,0001266,2663,1
2664,0001266,2664,1
2665,0001266,2665,1
2666,0001266,2666,1
2667,0001266,2667,1
2668,0001266,2668,1
2669,0001266,2669,1
2670,0101267,2670,1
2671,0101267,2671,1
2672,0101267,2672,1
2673,0101267,2673,1
2674,0101267,2674,1
2675,0101267,2675,1
2676,0101267,2676,1
2677,0101267,2677,1
2678,0101267,2678,1
2679,0101267,2679,1
2680,0201268,2680,1
2681,0201268,2681,1
2682,0201268,2682,1
2683,0201268,2683,1
2684,0201268,2684,1
2685,0201268,2685,1
2686,0201268,2686,1
2687,0201268,2687,1
2688,0201268,2688,1
2689,0201268,2689,1
2690,0301269,2690,1
2691,0301269,2691,1
2692,0301269,2692,1
2693,0301269,2693,1
2694,0301269,2694,1
2695,0301269,2695,1
2696,0301269,2696,1
2697,0301269,2697,1
2698,0301269,2698,1
2699,0301269,2699,1
2700,0401270,2700,1
2701,0401270,2701,1
2702,0401270,2702,1
2703,0401270,2703,1
2704,0401270,2704,1
2705,0401270,2705,1
2706,0401270,2706,1
2707,0401270,2707,1
2708,0401270,2708,1
2709,0401270,2709,1
2710,0501271,2710,1
2711,0501271,2711,1
2712,0501271,2712,1
2713,0501271,2713,1
2714,0501271,2714,1
2715,0501271,2715,1
2716,0501271,2716,1
2717,0501271,2717,1
2718,0501271,2718,1
2719,0501271,2719,1
2720,0001272,2720,1
2721,0001272,2721,1
2722,0001272,2722,1
2723,0001272,2723,1
2724,0001272,2724,1
2725,0001272,2725,1
2726,0001272,2726,1
2727,0001272,2727,1
2728,0001272,2728,1
2729,0001272,2729,1
2730,0101273,2730,1
2731,0101273,2731,1
2732,0101273,2732,1
2733,0101273,2733,1
2734,0101273,2734,1
2735,0101273,2735,1
2736,0101273,2736,1
2737,0101273,2737,1
2738,0101273,2738,1
2739,0101273,2739,1
2740,0201274,2740,1
2741,0201274,2741,1
2742,0201274,2742,1
2743,0201274,2743,1
2744,0201274,2744,1
2745,0201274,2745,1
2746,0201274,2746,1
2747,0201274,2747,1
2748,0201274,2748,1
2749,0201274,2749,1
2750,0301275,2750,1
2751,0301275,2751,1
2752,0301275,2752,1
2753,0301275,2753,1
2754,0301275,2754,1
2755,0301275,2755,1
2756,0301275,2756,1
2757,0301275,2757,1
2758,0301275,2758,1
2759,0301275,2759,1
2760,0401276,2760,1
2761,0401276,2761,1
2762,0401276,2762,1
2763,0401276,2763,1
2764,0401276,2764,1
2765,0401276,2765,1
2766,0401276,2766,1
2767,0401276,2767,1
2768,0401276,2768,1
2769,0401276,2769,1
2770,0501277,2770,1
2771,0501277,2771,1
2772,0501277,2772,1
2773,0501277,2773,1
2774,0501277,2774,1
2775,0501277,2775,1
2776,0501277,2776,1
2777,0501277,2777,1
2778,0501277,2778,1
2779,0501277,2779,1
2780,0001278,2780,1
2781,0001278,2781,1
2782,0001278,2782,1
2783,0001278,2783,1
2784,0001278,2784,1
2785,0001278,2785,1
2786,0001278,2786,1
2787,0001278,2787,1
2788,0001278,2788,1
2789,0001278,2789,1
2790,0101279,2790,1
2791,0101279,2791,1
2792,0101279,2792,1
2793,0101279,2793,1
2794,0101279,2794,1
2795,0101279,2795,1
2796,0101279,2796,1
2797,0101279,2797,1
2798,0101279,2798,1
2799,0101279,2799,1
2800,0201280,2800,1
2801,0201280,2801,1
2802,0201280,2802,1
2803,0201280,2803,1
2804,0201280,2804,1
2805,0201280,2805,1
2806,0201280,2806,1
2807,0201280,2807,1
2808,0201280,2808,1
2809,0201280,2809,1
2810,0301281,2810,1
2811,0301281,2811,1
2812,0301281,2812,1
2813,0301281,2813,1
2814,0301281,2814,1
2815,0301281,2815,1
2816,0301281,2816,1
2817,0301281,2817,1
2818,0301281,2818,1
2819,0301281,2819,1
2820,0401282,2820,1
2821,0401282,2821,1
2822,0401282,2822,1
2823,0401282,2823,1
2824,0401282,2824,1
2825,0401282,2825,1
2826,0401282,2826,1
2827,0401282,2827,1
2828,0401282,2828,1
2829,0401282,2829,1
2830,0501283,2830,1
2831,0501283,2831,1
2832,0501283,2832,1
2833,0501283,2833,1
2834,0501283,2834,1
2835,0501283,2835,1
2836,0501283,2836,1
2837,0501283,2837,1
2838,0501283,2838,1
2839,0501283,2839,1
2840,0001284,2840,1
2841,0001284,2841,1
2842,0001284,2842,1
2843,0001284,2843,1
2844,0001284,2844,1
2845,0001284,2845,1
2846,0001284,2846,1
2847,0001284,2847,1
2848,0001284,2848,1
2849,0001284,2849,1
2850,0101285,2850,1
2851,0101285,2851,1
2852,0101285,2852,1
2853,0101285,2853,1
2854,0101285,2854,1
2855,0101285,2855,1
2856,0101285,2856,1
2857,0101285,2857,1
2858,0101285,2858,1
2859,0101285,2859,1
2860,0201286,2860,1
2861,0201286,2861,1
2862,0201286,2862,1
2863,0201286,2863,1
2864,0201286,2864,1
2865,0201286,2865,1
2866,0201286,2866,1
2867,0201286,2867,1
2868,0201286,2868,1
2869,0201286,2869,1
2870,0301287,2870,1
2871,0301287,2871,1
2872,0301287,2872,1
2873,0301287,2873,1
2874,0301287,2874,1
2875,0301287,2875,1
2876,0301287,2876,1
2877,0301287,2877,1
2878,0301287,2878,1
2879,0301287,2879,1
2880,0401288,2880,1
2881,0401288,2881,1
2882,0401288,2882,1
2883,0401288,2883,1
2884,0401288,2884,1
2885,0401288,2885,1
2886,0401288,2886,1
2887,0401288,2887,1
2888,0401288,2888,1
2889,0401288,2889,1
2890,0501289,2890,1
2891,0501289,2891,1
2892,0501289,2892,1
2893,0501289,2893,1
2894,0501289,2894,1
2895,0501289,2895,1
2896,0501289,2896,1
2897,0501289,2897,1
2898,0501289,2898,1
2899,0501289,2899,1
2900,0001290,2900,1
2901,0001290,2901,1
2902,0001290,2902,1
2903,0001290,2903,1
2904,0001290,2904,1
2905,0001290,2905,1
2906,0001290,2906,1
2907,0001290,2907,1
2908,0001290,2908,1
2909,0001290,2909,1
2910,0101291,2910,1
2911,0101291,2911,1
2912,0101291,2912,1
2913,0101291,2913,1
2914,0101291,2914,1
2915,0101291,2915,1
2916,0101291,2916,1
2917,0101291,2917,1
2918,0101291,2918,1
2919,0101291,2919,1
2920,0201292,2920,1
2921,0201292,2921,1
2922,0201292,2922,1
2923,0201292,2923,1
2924,0201292,2924,1
2925,0201292,2925,1
2926,0201292,2926,1
2927,0201292,2927,1
2928,0201292,2928,1
2929,0201292,2929,1
2930,0301293,2930,1
2931,0301293,2931,1
2932,0301293,2932,1
2933,0301293,2933,1
2934,0301293,2934,1
2935,0301293,2935,1
2936,0301293,2936,1
2937,0301293,2937,1
2938,0301293,2938,1
2939,0301293,2939,1
2940,0401294,2940,1
2941,0401294,2941,1
2942,0401294,2942,1
2943,0401294,2943,1
2944,0401294,2944,1
2945,0401294,2945,1
2946,0401294,2946,1
2947,0401294,2947,1
2948,0401294,2948,1
2949,0401294,2949,1
2950,0501295,2950,1
2951,0501295,2951,1
2952,0501295,2952,1
2953,0501295,2953,1
2954,0501295,2954,1
2955,0501295,2955,1
2956,0501295,2956,1
2957,0501295,2957,1
2958,0501295,2958,1
2959,0501295,2959,1
2960,0001296,2960,1
2961,0001296,2961,1
2962,0001296,2962,1
2963,0001296,2963,1
2964,0001296,2964,1
2965,0001296,2965,1
2966,0001296,2966,1
2967,0001296,2967,1
2968,0001296,2968,1
2969,0001296,2969,1
2970,0101297,2970,1
2971,0101297,2971,1
2972,0101297,2972,1
2973,0101297,2973,1
2974,0101297,2974,1
2975,0101297,2975,1
2976,0101297,2976,1
2977,0101297,2977,1
2978,0101297,2978,1
2979,0101297,2979,1
2980,0201298,2980,1
2981,0201298,2981,1
2982,0201298,2982,1
2983,0201298,2983,1
2984,0201298,2984,1
2985,0201298,2985,1
2986,0201298,2986,1
2987,0201298,2987,1
2988,0201298,2988,1
2989,0201298,2989,1
2990,0301299,2990,1
2991,0301299,2991,1
2992,0301299,2992,1
2993,0301299,2993,1
2994,0301299,2994,1
2995,0301299,2995,1
2996,0301299,2996,1
2997,0301299,2997,1
2998,0301299,2998,1
2999,0301299,2999,1
3000,0401300,3000,1
3001,0401300,3001,1
3002,0401300,3002,1
3003,0401300,3003,1
3004,0401300,3004,1
3005,0401300,3005,1
3006,0401300,3006,1
3007,0401300,3007,1
3008,0401300,3008,1
3009,0401300,3009,1
3010,0501301,3010,1
3011,0501301,3011,1
3012,0501301,3012,1
3013,0501301,3013,1
3014,0501301,3014,1
3015,0501301,3015,1
3016,0501301,3016,1
3017,0501301,3017,1
3018,0501301,3018,1
3019,0501301,3019,1
3020,0001302,3020,1
3021,0001302,3021,1
3022,0001302,3022,1
3023,0001302,3023,1
3024,0001302,3024,1
3025,0001302,3025,1
3026,0001302,3026,1
3027,0001302,3027,1
3028,0001302,3028,1
3029,0001302,3029,1
3030,0101303,3030,1
3031,0101303,3031,1
3032,0101303,3032,1
3033,0101303,3033,1
3034,0101303,3034,1
3035,0101303,3035,1
3036,0101303,3036,1
3037,0101303,3037,1
3038,0101303,3038,1
3039,0101303,3039,1
3040,0201304,3040,1
3041,0201304,3041,1
3042,0201304,3042,1
3043,0201304,3043,1
3044,0201304,3044,1
3045,0201304,3045,1
3046,0201304,3046,1
3047,0201304,3047,1
3048,0201304,3048,1
3049,0201304,3049,1
3050,0301305,3050,1
3051,0301305,3051,1
3052,0301305,3052,1
3053,0301305,3053,1
3054,0301305,3054,1
3055,0301305,3055,1
3056,0301305,3056,1
3057,0301305,3057,1
3058,0301305,3058,1
3059,0301305,3059,1
3060,0401306,3060,1
3061,0401306,3061,1
3062,0401306,3062,1
3063,0401306,3063,1
3064,0401306,3064,1
3065,0401306,3065,1
3066,0401306,3066,1
3067,0401306,3067,1
3068,0401306,3068,1
3069,0401306,3069,1
3070,0501307,3070,1
3071,0501307,3071,1
3072,0501307,3072,1
3073,0501307,3073,1
3074,0501307,3074,1
3075,0501307,3075,1
3076,0501307,3076,1
3077,0501307,3077,1
3078,0501307,3078,1
3079,0501307,3079,1
3080,0001308,3080,1
3081,0001308,3081,1
3082,0001308,3082,1
3083,0001308,3083,1
3084,0001308,3084,1
3085,0001308,3085,1
3086,0001308,3086,1
3087,0001308,3087,1
3088,0001308,3088,1
3089,0001308,3089,1
3090,0101309,3090,1
3091,0101309,3091,1
3092,0101309,3092,1
3093,0101309,3093,1
3094,0101309,3094,1
3095,0101309,3095,1
3096,0101309,3096,1
3097,0101309,3097,1
3098,0101309,3098,1
3099,0101309,3099,1
3100,0201310,3100,1
3101,0201310,3101,1
3102,0201310,3102,1
3103,0201310,3103,1
3104,0201310,3104,1
3105,0201310,3105,1
3106,0201310,3106,1
3107,0201310,3107,1
3108,0201310,3108,1
3109,0201310,3109,1
3110,0301311,3110,1
3111,0301311,3111,1
3112,0301311,3112,1
3113,0301311,3113,1
3114,0301311,3114,1
3115,0301311,3115,1
3116,0301311,3116,1
3117,0301311,3117,1
3118,0301311,3118,1
3119,0301311,3119,1
3120,0401312,3120,1
3121,0401312,3121,1
3122,0401312,3122,1
3123,0401312,3123,1
3124,0401312,3124,1
3125,0401312,3125,1
3126,0401312,3126,1
3127,0401312,3127,1
3128,0401312,3128,1
3129,0401312,3129,1
3130,0501313,3130,1
3131,0501313,3131,1
3132,0501313,3132,1
3133,0501313,3133,1
3134,0501313,3134,1
3135,0501313,3135,1
3136,0501313,3136,1
3137,0501313,3137,1
3138,0501313,3138,1
3139,0501313,3139,1
3140,0001314,3140,1
3141,0001314,3141,1
3142,0001314,3142,1
3143,0001314,3143,1
3144,0001314,3144,1
3145,0001314,3145,1
3146,0001314,3146,1
3147,0001314,3147,1
3148,0001314,3148,1
3149,0001314,3149,1
3150,0101315,3150,1
3151,0101315,3151,1
3152,0101315,3152,1
3153,0101315,3153,1
3154,0101315,3154,1
3155,0101315,3155,1
3156,0101315,3156,1
3157,0101315,3157,1
3158,0101315,3158,1
3159,0101315,3159,1
3160,0201316,3160,1
3161,0201316,3161,1
3162,0201316,3162,1
3163,0201316,3163,1
3164,0201316,3164,1
3165,0201316,3165,1
3166,0201316,3166,1
3167,0201316,3167,1
3168,0201316,3168,1
3169,0201316,3169,1
3170,0301317,3170,1
3171,0301317,3171,1
3172,0301317,3172,1
3173,0301317,3173,1
3174,0301317,3174,1
3175,0301317,3175,1
3176,0301317,3176,1
3177,0301317,3177,1
3178,0301317,3178,1
3179,0301317,3179,1
3180,0401318,3180,1
3181,0401318,3181,1
3182,0401318,3182,1
3183,0401318,3183,1
3184,0401318,3184,1
3185,0401318,3185,1
3186,0401318,3186,1
3187,0401318,3187,1
3188,0401318,3188,1
3189,0401318,3189,1
3190,0501319,3190,1
3191,0501319,3191,1
3192,0501319,3192,1
3193,0501319,3193,1
3194,0501319,3194,1
3195,0501319,3195,1
3196,0501319,3196,1
3197,0501319,3197,1
3198,0501319,3198,1
3199,0501319,3199,1
3200,0001320,3200,1
3201,0001320,3201,1
3202,0001320,3202,1
3203,0001320,3203,1
3204,0001320,3204,1
3205,0001320,3205,1
3206,0001320,3206,1
3207,0001320,3207,1
3208,0001320,3208,1
3209,0001320,3209,1
3210,0101321,3210,1
3211,0101321,3211,1
3212,0101321,3212,1
3213,0101321,3213,1
3214,0101321,3214,1
3215,0101321,3215,1
3216,0101321,3216,1
3217,0101321,3217,1
3218,0101321,3218,1
3219,0101321,3219,1
3220,0201322,3220,1
3221,0201322,3221,1
3222,0201322,3222,1
3223,0201322,3223,1
3224,0201322,3224,1
3225,0201322,3225,1
3226,0201322,3226,1
3227,0201322,3227,1
3228,0201322,3228,1
3229,0201322,3229,1
3230,0301323,3230,1
3231,0301323,3231,1
3232,0301323,3232,1
3233,0301323,3233,1
3234,0301323,3234,1
3235,0301323,3235,1
3236,0301323,3236,1
3237,0301323,3237,1
3238,0301323,3238,1
3239,0301323,3239,1
3240,0401324,3240,1
3241,0401324,3241,1
3242,0401324,3242,1
3243,0401324,3243,1
3244,0401324,3244,1
3245,0401324,3245,1
3246,0401324,3246,1
3247,0401324,3247,1
3248,0401324,3248,1
3249,0401324,3249,1
3250,0501325,3250,1
3251,0501325,3251,1
3252,0501325,3252,1
3253,0501325,3253,1
3254,0501325,3254,1
3255,0501325,3255,1
3256,0501325,3256,1
3257,0501325,3257,1
3258,0501325,3258,1
3259,0501325,3259,1
3260,0001326,3260,1
3261,0001326,3261,1
3262,0001326,3262,1
3263,0001326,3263,1
3264,0001326,3264,1
3265,0001326,3265,1
3266,0001326,3266,1
3267,0001326,3267,1
3268,0001326,3268,1
3269,0001326,3269,1
3270,0101327,3270,1
3271,0101327,3271,1
3272,0101327,3272,1
3273,0101327,3273,1
3274,0101327,3274,1
3275,0101327,3275,1
3276,0101327,3276,1
3277,0101327,3277,1
3278,0101327,3278,1
3279,0101327,3279,1
3280,0201328,3280,1
3281,0201328,3281,1
3282,0201328,3282,1
3283,0201328,3283,1
3284,0201328,3284,1
3285,0201328,3285,1
3286,0201328,3286,1
3287,0201328,3287,1
3288,0201328,3288,1
3289,0201328,3289,1
3290,0301329,3290,1
3291,0301329,3291,1
3292,0301329,3292,1
3293,0301329,3293,1
3294,0301329,3294,1
3295,0301329,3295,1
3296,0301329,3296,1
3297,0301329,3297,1
3298,0301329,3298,1
3299,0301329,3299,1
3300,0401330,3300,1
3301,0401330,3301,1
3302,0401330,3302,1
3303,0401330,3303,1
3304,0401330,3304,1
3305,0401330,3305,1
3306,0401330,3306,1
3307,0401330,3307,1
3308,0401330,3308,1
3309,0401330,3309,1
3310,0501331,3310,1
3311,0501331,3311,1
3312,0501331,3312,1
3313,0501331,3313,1
3314,0501331,3314,1
3315,0501331,3315,1
3316,0501331,3316,1
3317,0501331,3317,1
3318,0501331,3318,1
3319,0501331,3319,1
3320,0001332,3320,1
3321,0001332,3321,1
3322,0001332,3322,1
3323,0001332,3323,1
3324,0001332,3324,1
3325,0001332,3325,1
3326,0001332,3326,1
3327,0001332,3327,1
3328,0001332,3328,1
3329,0001332,3329,1
3330,0101333,3330,1
3331,0101333,3331,1
3332,0101333,3332,1
3333,0101333,3333,1
3334,0101333,3334,1
3335,0101333,3335,1
3336,0101333,3336,1
3337,0101333,3337,1
3338,0101333,3338,1
3339,0101333,3339,1
3340,0201334,3340,1
3341,0201334,3341,1
3342,0201334,3342,1
3343,0201334,3343,1
3344,0201334,3344,1
3345,0201334,3345,1
3346,0201334,3346,1
3347,0201334,3347,1
3348,0201334,3348,1
3349,0201334,3349,1
3350,0301335,3350,1
3351,0301335,3351,1
3352,0301335,3352,1
3353,0301335,3353,1
3354,0301335,3354,1
3355,0301335,3355,1
3356,0301335,3356,1
3357,0301335,3357,1
3358,0301335,3358,1
3359,0301335,3359,1
3360,0401336,3360,1
3361,0401336,3361,1
3362,0401336,3362,1
3363,0401336,3363,1
3364,0401336,3364,1
3365,0401336,3365,1
3366,0401336,3366,1
3367,0401336,3367,1
3368,0401336,3368,1
3369,0401336,3369,1
3370,0501337,3370,1
3371,0501337,3371,1
3372,0501337,3372,1
3373,0501337,3373,1
3374,0501337,3374,1
3375,0501337,3375,1
3376,0501337,3376,1
3377,0501337,3377,1
3378,0501337,3378,1
3379,0501337,3379,1
3380,0001338,3380,1
3381,0001338,3381,1
3382,0001338,3382,1
3383,0001338,3383,1
3384,0001338,3384,1
3385,0001338,3385,1
3386,0001338,3386,1
3387,0001338,3387,1
3388,0001338,3388,1
3389,0001338,3389,1
3390,0101339,3390,1
3391,0101339,3391,1
3392,0101339,3392,1
3393,0101339,3393,1
3394,0101339,3394,1
3395,0101339,3395,1
3396,0101339,3396,1
3397,0101339,3397,1
3398,0101339,3398,1
3399,0101339,3399,1
3400,0201340,3400,1
3401,0201340,3401,1
3402,0201340,3402,1
3403,0201340,3403,1
3404,0201340,3404,1
3405,0201340,3405,1
3406,0201340,3406,1
3407,0201340,3407,1
3408,0201340,3408,1
3409,0201340,3409,1
3410,0301341,3410,1
3411,0301341,3411,1
3412,0301341,3412,1
3413,0301341,3413,1
3414,0301341,3414,1
3415,0301341,3415,1
3416,0301341,3416,1
3417,0301341,3417,1
3418,0301341,3418,1
3419,0301341,3419,1
3420,0401342,3420,1
3421,0401342,3421,1
3422,0401342,3422,1
3423,0401342,3423,1
3424,0401342,3424,1
3425,0401342,3425,1
3426,0401342,3426,1
3427,0401342,3427,1
3428,0401342,3428,1
3429,0401342,3429,1
3430,0501343,3430,1
3431,0501343,3431,1
3432,0501343,3432,1
3433,0501343,3433,1
3434,0501343,3434,1
3435,0501343,3435,1
3436,0501343,3436,1
3437,0501343,3437,1
3438,0501343,3438,1
3439,0501343,3439,1
3440,0001344,3440,1
3441,0001344,3441,1
3442,0001344,3442,1
3443,0001344,3443,1
3444,0001344,3444,1
3445,0001344,3445,1
3446,0001344,3446,1
3447,0001344,3447,1
3448,0001344,3448,1
3449,0001344,3449,1
3450,0101345,3450,1
3451,0101345,3451,1
3452,0101345,3452,1
3453,0101345,3453,1
3454,0101345,3454,1
3455,0101345,3455,1
3456,0101345,3456,1
3457,0101345,3457,1
3458,0101345,3458,1
3459,0101345,3459,1
3460,0201346,3460,1
3461,0201346,3461,1
3462,0201346,3462,1
3463,0201346,3463,1
3464,0201346,3464,1
3465,0201346,3465,1
3466,0201346,3466,1
3467,0201346,3467,1
3468,0201346,3468,1
3469,0201346,3469,1
3470,0301347,3470,1
3471,0301347,3471,1
3472,0301347,3472,1
3473,0301347,3473,1
3474,0301347,3474,1
3475,0301347,3475,1
3476,0301347,3476,1
3477,0301347,3477,1
3478,0301347,3478,1
3479,0301347,3479,1
3480,0401348,3480,1
3481,0401348,3481,1
3482,0401348,3482,1
3483,0401348,3483,1
3484,0401348,3484,1
3485,0401348,3485,1
3486,0401348,3486,1
3487,0401348,3487,1
3488,0401348,3488,1
3489,0401348,3489,1
3490,0501349,3490,1
3491,0501349,3491,1
3492,0501349,3492,1
3493,0501349,3493,1
3494,0501349,3494,1
3495,0501349,3495,1
3496,0501349,3496,1
3497,0501349,3497,1
3498,0501349,3498,1
3499,0501349,3499,1
3500,0001350,3500,1
3501,0001350,3501,1
3502,0001350,3502,1
3503,0001350,3503,1
3504,0001350,3504,1
3505,0001350,3505,1
3506,0001350,3506,1
3507,0001350,3507,1
3508,0001350,3508,1
3509,0001350,3509,1
3510,0101351,3510,1
3511,0101351,3511,1
3512,0101351,3512,1
3513,0101351,3513,1
3514,0101351,3514,1
3515,0101351,3515,1
3516,0101351,3516,1
3517,0101351,3517,1
3518,0101351,3518,1
3519,0101351,3519,1
3520,0201352,3520,1
3521,0201352,3521,1
3522,0201352,3522,1
3523,0201352,3523,1
3524,0201352,3524,1
3525,0201352,3525,1
3526,0201352,3526,1
3527,0201352,3527,1
3528,0201352,3528,1
3529,0201352,3529,1
3530,0301353,3530,1
3531,0301353,3531,1
3532,0301353,3532,1
3533,0301353,3533,1
3534,0301353,3534,1
3535,0301353,3535,1
3536,0301353,3536,1
3537,0301353,3537,1
3538,0301353,3538,1
3539,0301353,3539,1
3540,0401354,3540,1
3541,0401354,3541,1
3542,0401354,3542,1
3543,0401354,3543,1
3544,0401354,3544,1
3545,0401354,3545,1
3546,0401354,3546,1
3547,0401354,3547,1
3548,0401354,3548,1
3549,0401354,3549,1
3550,0501355,3550,1
3551,0501355,3551,1
3552,0501355,3552,1
3553,0501355,3553,1
3554,0501355,3554,1
3555,0501355,3555,1
3556,0501355,3556,1
3557,0501355,3557,1
3558,0501355,3558,1
3559,0501355,3559,1
3560,0001356,3560,1
3561,0001356,3561,1
3562,0001356,3562,1
3563,0001356,3563,1
3564,0001356,3564,1
3565,0001356,3565,1
3566,0001356,3566,1
3567,0001356,3567,1
3568,0001356,3568,1
3569,0001356,3569,1
3570,0101357,3570,1
3571,0101357,3571,1
3572,0101357,3572,1
3573,0101357,3573,1
3574,0101357,3574,1
3575,0101357,3575,1
3576,0101357,3576,1
3577,0101357,3577,1
3578,0101357,3578,1
3579,0101357,3579,1
3580,0201358,3580,1
3581,0201358,3581,1
3582,0201358,3582,1
3583,0201358,3583,1
3584,0201358,3584,1
3585,0201358,3585,1
3586,0201358,3586,1
3587,0201358,3587,1
3588,0201358,3588,1
3589,0201358,3589,1
3590,0301359,3590,1
3591,0301359,3591,1
3592,0301359,3592,1
3593,0301359,3593,1
3594,0301359,3594,1
3595,0301359,3595,1
3596,0301359,3596,1
3597,0301359,3597,1
3598,0301359,3598,1
3599,0301359,3599,1
3600,0401360,3600,1
3601,0401360,3601,1
3602,0401360,3602,1
3603,0401360,3603,1
3604,0401360,3604,1
3605,0401360,3605,1
3606,0401360,3606,1
3607,0401360,3607,1
3608,0401360,3608,1
3609,0401360,3609,1
3610,0501361,3610,1
3611,0501361,3611,1
3612,0501361,3612,1
3613,0501361,3613,1
3614,0501361,3614,1
3615,0501361,3615,1
3616,0501361,3616,1
3617,0501361,3617,1
3618,0501361,3618,1
3619,0501361,3619,1
3620,0001362,3620,1
3621,0001362,3621,1
3622,0001362,3622,1
3623,0001362,3623,1
3624,0001362,3624,1
3625,0001362,3625,1
3626,0001362,3626,1
3627,0001362,3627,1
3628,0001362,3628,1
3629,0001362,3629,1
3630,0101363,3630,1
3631,0101363,3631,1
3632,0101363,3632,1
3633,0101363,3633,1
3634,0101363,3634,1
3635,0101363,3635,1
3636,0101363,3636,1
3637,0101363,3637,1
3638,0101363,3638,1
3639,0101363,3639,1
3640,0201364,3640,1
3641,0201364,3641,1
3642,0201364,3642,1
3643,0201364,3643,1
3644,0201364,3644,1
3645,0201364,3645,1
3646,0201364,3646,1
3647,0201364,3647,1
3648,0201364,3648,1
3649,0201364,3649,1
3650,0301365,3650,1
3651,0301365,3651,1
3652,0301365,3652,1
3653,0301365,3653,1
3654,0301365,3654,1
3655,0301365,3655,1
3656,0301365,3656,1
3657,0301365,3657,1
3658,0301365,3658,1
3659,0301365,3659,1
3660,0401366,3660,1
3661,0401366,3661,1
3662,0401366,3662,1
3663,0401366,3663,1
3664,0401366,3664,1
3665,0401366,3665,1
3666,0401366,3666,1
3667,0401366,3667,1
3668,0401366,3668,1
3669,0401366,3669,1
3670,0501367,3670,1
3671,0501367,3671,1
3672,0501367,3672,1
3673,0501367,3673,1
3674,0501367,3674,1
3675,0501367,3675,1
3676,0501367,3676,1
3677,0501367,3677,1
3678,0501367,3678,1
3679,0501367,3679,1
3680,0001368,3680,1
3681,0001368,3681,1
3682,0001368,3682,1
3683,0001368,3683,1
3684,0001368,3684,1
3685,0001368,3685,1
3686,0001368,3686,1
3687,0001368,3687,1
3688,0001368,3688,1
3689,0001368,3689,1
3690,0101369,3690,1
3691,0101369,3691,1
3692,0101369,3692,1
3693,0101369,3693,1
3694,0101369,3694,1
3695,0101369,3695,1
3696,0101369,3696,1
3697,0101369,3697,1
3698,0101369,3698,1
3699,0101369,3699,1
3700,0201370,3700,1
3701,0201370,3701,1
3702,0201370,3702,1
3703,0201370,3703,1
3704,0201370,3704,1
3705,0201370,3705,1
3706,0201370,3706,1
3707,0201370,3707,1
3708,0201370,3708,1
3709,0201370,3709,1
3710,0301371,3710,1
3711,0301371,3711,1
3712,0301371,3712,1
3713,0301371,3713,1
3714,0301371,3714,1
3715,0301371,3715,1
3716,0301371,3716,1
3717,0301371,3717,1
3718,0301371,3718,1
3719,0301371,3719,1
3720,0401372,3720,1
3721,0401372,3721,1
3722,0401372,3722,1
3723,0401372,3723,1
3724,0401372,3724,1
3725,0401372,3725,1
3726,0401372,3726,1
3727,0401372,3727,1
3728,0401372,3728,1
3729,0401372,3729,1
3730,0501373,3730,1
3731,0501373,3731,1
3732,0501373,3732,1
3733,0501373,3733,1
3734,0501373,3734,1
3735,0501373,3735,1
3736,0501373,3736,1
3737,0501373,3737,1
3738,0501373,3738,1
3739,0501373,3739,1
3740,0001374,3740,1
3741,0001374,3741,1
3742,0001374,3742,1
3743,0001374,3743,1
3744,0001374,3744,1
3745,0001374,3745,1
3746,0001374,3746,1
3747,0001374,3747,1
3748,0001374,3748,1
3749,0001374,3749,1
3750,0101375,3750,1
3751,0101375,3751,1
3752,0101375,3752,1
3753,0101375,3753,1
3754,0101375,3754,1
3755,0101375,3755,1
3756,0101375,3756,1
3757,0101375,3757,1
3758,0101375,3758,1
3759,0101375,3759,1
3760,0201376,3760,1
3761,0201376,3761,1
3762,0201376,3762,1
3763,0201376,3763,1
3764,0201376,3764,1
3765,0201376,3765,1
3766,0201376,3766,1
3767,0201376,3767,1
3768,0201376,3768,1
3769,0201376,3769,1
3770,0301377,3770,1
3771,0301377,3771,1
3772,0301377,3772,1
3773,0301377,3773,1
3774,0301377,3774,1
3775,0301377,3775,1
3776,0301377,3776,1
3777,0301377,3777,1
3778,0301377,3778,1
3779,0301377,3779,1
3780,0401378,3780,1
3781,0401378,3781,1
3782,0401378,3782,1
3783,0401378,3783,1
3784,0401378,3784,1
3785,0401378,3785,1
3786,0401378,3786,1
3787,0401378,3787,1
3788,0401378,3788,1
3789,0401378,3789,1
3790,0501379,3790,1
3791,0501379,3791,1
3792,0501379,3792,1
3793,0501379,3793,1
3794,0501379,3794,1
3795,0501379,3795,1
3796,0501379,3796,1
3797,0501379,3797,1
3798,0501379,3798,1
3799,0501379,3799,1
3800,0001380,3800,1
3801,0001380,3801,1
3802,0001380,3802,1
3803,0001380,3803,1
3804,0001380,3804,1
3805,0001380,3805,1
3806,0001380,3806,1
3807,0001380,3807,1
3808,0001380,3808,1
3809,0001380,3809,1
3810,0101381,3810,1
3811,0101381,3811,1
3812,0101381,3812,1
3813,0101381,3813,1
3814,0101381,3814,1
3815,0101381,3815,1
3816,0101381,3816,1
3817,0101381,3817,1
3818,0101381,3818,1
3819,0101381,3819,1
3820,0201382,3820,1
3821,0201382,3821,1
3822,0201382,3822,1
3823,0201382,3823,1
3824,0201382,3824,1
3825,0201382,3825,1
3826,0201382,3826,1
3827,0201382,3827,1
3828,0201382,3828,1
3829,0201382,3829,1
3830,0301383,3830,1
3831,0301383,3831,1
3832,0301383,3832,1
3833,0301383,3833,1
3834,0301383,3834,1
3835,0301383,3835,1
3836,0301383,3836,1
3837,0301383,3837,1
3838,0301383,3838,1
3839,0301383,3839,1
3840,0401384,3840,1
3841,0401384,3841,1
3842,0401384,3842,1
3843,0401384,3843,1
3844,0401384,3844,1
3845,0401384,3845,1
3846,0401384,3846,1
3847,0401384,3847,1
3848,0401384,3848,1
3849,0401384,3849,1
3850,0501385,3850,1
3851,0501385,3851,1
3852,0501385,3852,1
3853,0501385,3853,1
3854,0501385,3854,1
3855,0501385,3855,1
3856,0501385,3856,1
3857,0501385,3857,1
3858,0501385,3858,1
3859,0501385,3859,1
3860,0001386,3860,1
3861,0001386,3861,1
3862,0001386,3862,1
3863,0001386,3863,1
3864,0001386,3864,1
3865,0001386,3865,1
3866,0001386,3866,1
3867,0001386,3867,1
3868,0001386,3868,1
3869,0001386,3869,1
3870,0101387,3870,1
3871,0101387,3871,1
3872,0101387,3872,1
3873,0101387,3873,1
3874,0101387,3874,1
3875,0101387,3875,1
3876,0101387,3876,1
3877,0101387,3877,1
3878,0101387,3878,1
3879,0101387,3879,1
3880,0201388,3880,1
3881,0201388,3881,1
3882,0201388,3882,1
3883,0201388,3883,1
3884,0201388,3884,1
3885,0201388,3885,1
3886,0201388,3886,1
3887,0201388,3887,1
3888,0201388,3888,1
3889,0201388,3889,1
3890,0301389,3890,1
3891,0301389,3891,1
3892,0301389,3892,1
3893,0301389,3893,1
3894,0301389,3894,1
3895,0301389,3895,1
3896,0301389,3896,1
3897,0301389,3897,1
3898,0301389,3898,1
3899,0301389,3899,1
3900,0401390,3900,1
3901,0401390,3901,1
3902,0401390,3902,1
3903,0401390,3903,1
3904,0401390,3904,1
3905,0401390,3905,1
3906,0401390,3906,1
3907,0401390,3907,1
3908,0401390,3908,1
3909,0401390,3909,1
3910,0501391,3910,1
3911,0501391,3911,1
3912,0501391,3912,1
3913,0501391,3913,1
3914,0501391,3914,1
3915,0501391,3915,1
3916,0501391,3916,1
3917,0501391,3917,1
3918,0501391,3918,1
3919,0501391,3919,1
3920,0001392,3920,1
3921,0001392,3921,1
3922,0001392,3922,1
3923,0001392,3923,1
3924,0001392,3924,1
3925,0001392,3925,1
3926,0001392,3926,1
3927,0001392,3927,1
3928,0001392,3928,1
3929,0001392,3929,1
3930,0101393,3930,1
3931,0101393,3931,1
3932,0101393,3932,1
3933,0101393,3933,1
3934,0101393,3934,1
3935,0101393,3935,1
3936,0101393,3936,1
3937,0101393,3937,1
3938,0101393,3938,1
3939,0101393,3939,1
3940,0201394,3940,1
3941,0201394,3941,1
3942,0201394,3942,1
3943,0201394,3943,1
3944,0201394,3944,1
3945,0201394,3945,1
3946,0201394,3946,1
3947,0201394,3947,1
3948,0201394,3948,1
3949,0201394,3949,1
3950,0301395,3950,1
3951,0301395,3951,1
3952,0301395,3952,1
3953,0301395,3953,1
3954,0301395,3954,1
3955,0301395,3955,1
3956,0301395,3956,1
3957,0301395,3957,1
3958,0301395,3958,1
3959,0301395,3959,1
3960,0401396,3960,1
3961,0401396,3961,1
3962,0401396,3962,1
3963,0401396,3963,1
3964,0401396,3964,1
3965,0401396,3965,1
3966,0401396,3966,1
3967,0401396,3967,1
3968,0401396,3968,1
3969,0401396,3969,1
3970,0501397,3970,1
3971,0501397,3971,1
3972,0501397,3972,1
3973,0501397,3973,1
3974,0501397,3974,1
3975,0501397,3975,1
3976,0501397,3976,1
3977,0501397,3977,1
3978,0501397,3978,1
3979,0501397,3979,1
3980,0001398,3980,1
3981,0001398,3981,1
3982,0001398,3982,1
3983,0001398,3983,1
3984,0001398,3984,1
3985,0001398,3985,1
3986,0001398,3986,1
3987,0001398,3987,1
3988,0001398,3988,1
3989,0001398,3989,1
3990,0101399,3990,1
3991,0101399,3991,1
3992,0101399,3992,1
3993,0101399,3993,1
3994,0101399,3994,1
3995,0101399,3995,1
3996,0101399,3996,1
3997,0101399,3997,1
3998,0101399,3998,1
3999,0101399,3999,1
